Draw Date,Draw Day,Main Number 1,Main Number 2,Main Number 3,Main Number 4,Main Number 5,Lucky Star 1,Lucky Star 2
13/02/2004,Friday,16,29,32,36,41,7,9
20/02/2004,Friday,7,13,39,47,50,2,5
27/02/2004,Friday,14,18,19,31,37,4,5
05/03/2004,Friday,4,7,33,37,39,1,5
12/03/2004,Friday,15,24,28,44,47,4,5
19/03/2004,Friday,33,36,37,42,45,4,9
26/03/2004,Friday,3,4,10,23,43,2,4
02/04/2004,Friday,4,12,24,27,36,2,9
09/04/2004,Friday,1,4,10,19,23,2,8
16/04/2004,Friday,14,15,28,35,40,1,3
23/04/2004,Friday,6,10,21,45,49,3,5
30/04/2004,Friday,5,6,16,23,27,6,7
07/05/2004,Friday,15,16,21,36,38,1,5
14/05/2004,Friday,1,3,21,32,39,2,6
21/05/2004,Friday,15,29,37,39,49,4,9
28/05/2004,Friday,6,11,35,41,44,5,6
04/06/2004,Friday,9,13,34,41,42,3,7
11/06/2004,Friday,2,7,8,10,47,1,7
18/06/2004,Friday,2,23,28,40,43,2,6
25/06/2004,Friday,3,21,30,34,35,1,2
02/07/2004,Friday,4,23,24,28,34,1,3
09/07/2004,Friday,2,5,12,19,44,8,9
16/07/2004,Friday,24,26,31,38,50,5,8
23/07/2004,Friday,7,10,27,31,34,3,8
30/07/2004,Friday,9,10,19,37,50,1,6
06/08/2004,Friday,5,15,24,35,44,5,6
13/08/2004,Friday,20,27,41,43,50,5,8
20/08/2004,Friday,6,9,10,27,35,6,8
27/08/2004,Friday,1,11,22,28,44,1,9
03/09/2004,Friday,8,12,14,15,34,6,7
10/09/2004,Friday,5,25,33,36,38,2,5
17/09/2004,Friday,15,18,29,39,41,5,8
24/09/2004,Friday,21,26,27,44,48,1,7
01/10/2004,Friday,12,20,21,45,48,5,6
08/10/2004,Friday,1,10,12,16,48,2,6
15/10/2004,Friday,14,21,22,37,43,5,8
22/10/2004,Friday,1,9,23,25,40,3,9
29/10/2004,Friday,1,8,32,35,38,4,9
05/11/2004,Friday,6,19,25,42,49,1,7
12/11/2004,Friday,4,11,12,13,32,3,9
19/11/2004,Friday,1,18,29,34,37,2,6
26/11/2004,Friday,1,4,24,34,36,6,8
03/12/2004,Friday,1,11,15,42,49,3,4
10/12/2004,Friday,1,3,13,16,43,2,7
17/12/2004,Friday,15,19,22,46,49,2,9
24/12/2004,Friday,3,4,27,29,37,5,6
31/12/2004,Friday,7,8,24,25,47,8,9
07/01/2005,Friday,3,23,27,47,50,2,3
14/01/2005,Friday,6,11,14,19,29,1,3
21/01/2005,Friday,10,12,14,24,26,5,8
28/01/2005,Friday,7,21,26,43,45,5,7
04/02/2005,Friday,1,8,11,30,40,7,8
11/02/2005,Friday,11,13,25,32,50,4,7
18/02/2005,Friday,20,21,26,32,46,8,9
25/02/2005,Friday,3,27,30,43,44,4,8
04/03/2005,Friday,12,24,32,37,39,7,9
11/03/2005,Friday,8,12,23,40,43,1,4
18/03/2005,Friday,6,23,39,43,48,5,7
25/03/2005,Friday,4,29,33,37,38,6,9
01/04/2005,Friday,25,26,41,44,47,3,7
08/04/2005,Friday,7,11,25,31,50,1,3
15/04/2005,Friday,6,28,31,38,42,3,9
22/04/2005,Friday,3,10,13,24,47,5,9
29/04/2005,Friday,3,9,35,39,42,1,8
06/05/2005,Friday,7,12,21,26,44,6,8
13/05/2005,Friday,12,17,31,32,40,2,9
20/05/2005,Friday,6,7,13,28,47,5,8
27/05/2005,Friday,2,24,31,48,50,4,9
03/06/2005,Friday,3,8,11,17,50,1,5
10/06/2005,Friday,6,7,32,37,47,1,7
17/06/2005,Friday,4,8,10,18,21,1,7
24/06/2005,Friday,6,8,14,15,45,7,8
01/07/2005,Friday,4,5,23,25,28,3,4
08/07/2005,Friday,35,36,42,46,49,2,8
15/07/2005,Friday,1,11,12,23,42,3,6
22/07/2005,Friday,3,14,41,48,49,1,4
29/07/2005,Friday,3,19,26,49,50,4,5
05/08/2005,Friday,2,11,21,22,30,4,6
12/08/2005,Friday,15,23,30,37,40,7,9
19/08/2005,Friday,11,24,29,31,41,1,3
26/08/2005,Friday,9,29,35,40,41,1,6
02/09/2005,Friday,3,4,14,43,50,3,6
09/09/2005,Friday,8,12,19,31,50,6,7
16/09/2005,Friday,12,13,19,21,38,3,9
23/09/2005,Friday,1,26,31,34,47,4,9
30/09/2005,Friday,6,11,47,48,50,1,6
07/10/2005,Friday,2,13,21,26,44,3,9
14/10/2005,Friday,10,11,19,20,23,1,6
21/10/2005,Friday,1,14,19,29,33,1,8
28/10/2005,Friday,14,36,44,47,50,3,5
04/11/2005,Friday,26,36,37,38,42,2,6
11/11/2005,Friday,15,16,36,41,42,3,5
18/11/2005,Friday,17,18,25,34,48,2,3
25/11/2005,Friday,1,6,27,39,47,1,6
02/12/2005,Friday,1,9,20,23,30,4,7
09/12/2005,Friday,11,18,35,38,42,1,5
16/12/2005,Friday,2,3,15,18,32,6,7
23/12/2005,Friday,15,31,36,37,42,1,7
30/12/2005,Friday,8,16,19,43,45,1,4
06/01/2006,Friday,2,6,9,14,26,4,5
13/01/2006,Friday,8,12,19,33,34,1,6
20/01/2006,Friday,12,15,33,44,50,2,6
27/01/2006,Friday,9,15,21,40,49,1,4
03/02/2006,Friday,9,21,30,39,50,1,3
10/02/2006,Friday,5,6,38,48,50,6,7
17/02/2006,Friday,4,23,24,26,38,2,4
24/02/2006,Friday,1,11,18,19,47,3,7
03/03/2006,Friday,3,5,8,10,44,3,5
10/03/2006,Friday,1,21,33,45,49,4,8
17/03/2006,Friday,5,32,44,45,50,1,7
24/03/2006,Friday,17,28,33,35,47,4,9
31/03/2006,Friday,3,20,31,45,50,6,7
07/04/2006,Friday,12,13,29,44,50,4,5
14/04/2006,Friday,16,26,34,35,49,2,6
21/04/2006,Friday,1,20,22,37,46,1,9
28/04/2006,Friday,5,10,17,22,33,5,7
05/05/2006,Friday,4,8,14,16,50,3,9
12/05/2006,Friday,5,20,23,34,50,1,5
19/05/2006,Friday,3,5,25,34,49,5,8
26/05/2006,Friday,2,12,21,41,49,3,7
02/06/2006,Friday,7,8,27,41,48,1,6
09/06/2006,Friday,3,12,15,34,39,4,6
16/06/2006,Friday,1,16,26,30,36,3,9
23/06/2006,Friday,9,21,30,43,44,1,9
30/06/2006,Friday,6,15,16,40,43,1,2
07/07/2006,Friday,7,9,18,35,43,5,7
14/07/2006,Friday,1,7,17,31,36,2,8
21/07/2006,Friday,2,4,9,38,50,6,8
28/07/2006,Friday,3,8,12,29,43,6,7
04/08/2006,Friday,1,14,15,26,32,3,7
11/08/2006,Friday,27,28,31,46,47,2,5
18/08/2006,Friday,12,37,39,40,50,1,2
25/08/2006,Friday,10,28,40,47,48,6,8
01/09/2006,Friday,3,7,25,45,50,6,9
08/09/2006,Friday,1,10,12,32,33,1,8
15/09/2006,Friday,6,10,16,26,49,7,9
22/09/2006,Friday,10,29,30,45,49,3,8
29/09/2006,Friday,1,3,6,18,24,5,8
06/10/2006,Friday,5,11,22,35,38,7,8
13/10/2006,Friday,2,25,32,38,41,3,5
20/10/2006,Friday,10,19,34,45,47,3,6
27/10/2006,Friday,3,4,8,44,50,7,8
03/11/2006,Friday,11,13,24,44,49,3,9
10/11/2006,Friday,14,21,27,30,36,2,3
17/11/2006,Friday,12,22,32,33,36,2,6
24/11/2006,Friday,5,8,17,25,40,1,5
01/12/2006,Friday,4,8,16,37,41,2,5
08/12/2006,Friday,16,17,18,36,47,1,2
15/12/2006,Friday,9,23,35,37,42,3,7
22/12/2006,Friday,9,11,20,38,43,2,3
29/12/2006,Friday,6,9,13,14,35,3,4
05/01/2007,Friday,17,19,29,36,45,5,6
12/01/2007,Friday,8,11,14,19,25,3,5
19/01/2007,Friday,5,13,27,33,42,2,4
26/01/2007,Friday,11,15,23,30,38,4,9
02/02/2007,Friday,14,23,27,30,36,1,6
09/02/2007,Friday,14,16,30,36,46,2,8
16/02/2007,Friday,8,19,20,39,50,6,9
23/02/2007,Friday,2,15,18,20,22,2,5
02/03/2007,Friday,3,16,34,38,48,5,8
09/03/2007,Friday,2,3,25,43,48,6,9
16/03/2007,Friday,4,14,31,45,49,4,9
23/03/2007,Friday,5,13,17,40,43,1,3
30/03/2007,Friday,9,17,19,41,46,1,8
06/04/2007,Friday,15,23,29,41,48,3,6
13/04/2007,Friday,7,20,25,38,41,3,7
20/04/2007,Friday,23,26,32,41,45,3,7
27/04/2007,Friday,7,18,27,36,44,1,2
04/05/2007,Friday,6,17,35,41,45,1,5
11/05/2007,Friday,7,12,26,29,49,2,6
18/05/2007,Friday,26,34,37,39,49,2,6
25/05/2007,Friday,25,26,29,49,50,7,8
01/06/2007,Friday,6,22,37,41,42,6,9
08/06/2007,Friday,1,15,17,25,45,2,8
15/06/2007,Friday,5,7,14,21,40,3,8
22/06/2007,Friday,11,16,17,22,34,5,6
29/06/2007,Friday,8,12,28,33,45,1,3
06/07/2007,Friday,4,5,19,39,41,8,9
13/07/2007,Friday,9,13,15,31,48,3,6
20/07/2007,Friday,10,21,25,26,50,4,9
27/07/2007,Friday,1,4,21,29,41,7,8
03/08/2007,Friday,10,30,33,37,41,1,8
10/08/2007,Friday,23,40,42,43,49,2,6
17/08/2007,Friday,2,3,13,38,42,7,8
24/08/2007,Friday,1,3,16,42,48,2,3
31/08/2007,Friday,6,18,22,23,37,5,6
07/09/2007,Friday,2,3,33,34,42,3,5
14/09/2007,Friday,5,9,11,29,33,7,9
21/09/2007,Friday,1,17,32,35,37,1,8
28/09/2007,Friday,22,30,34,35,44,4,5
05/10/2007,Friday,11,20,27,35,44,2,5
12/10/2007,Friday,21,32,36,46,47,3,4
19/10/2007,Friday,7,18,34,35,40,7,8
26/10/2007,Friday,7,20,38,40,43,1,8
02/11/2007,Friday,3,16,18,19,40,1,2
09/11/2007,Friday,5,14,22,25,36,5,6
16/11/2007,Friday,9,18,23,33,37,1,8
23/11/2007,Friday,2,10,22,29,48,3,9
30/11/2007,Friday,12,19,20,30,38,7,9
07/12/2007,Friday,2,4,32,43,48,1,7
14/12/2007,Friday,8,25,30,36,44,3,4
21/12/2007,Friday,7,9,28,37,44,6,7
28/12/2007,Friday,20,21,22,31,45,7,9
04/01/2008,Friday,10,12,24,25,41,3,5
11/01/2008,Friday,8,24,36,49,50,4,8
18/01/2008,Friday,14,16,23,40,46,4,8
25/01/2008,Friday,2,6,9,19,45,7,8
01/02/2008,Friday,22,30,45,47,49,4,9
08/02/2008,Friday,17,28,30,38,44,1,4
15/02/2008,Friday,12,27,29,45,46,4,7
22/02/2008,Friday,4,27,32,46,50,8,9
29/02/2008,Friday,12,37,40,47,49,2,9
07/03/2008,Friday,2,7,14,17,35,1,6
14/03/2008,Friday,13,21,25,35,48,4,8
21/03/2008,Friday,2,10,18,22,36,4,6
28/03/2008,Friday,5,9,17,29,39,3,6
04/04/2008,Friday,11,13,18,37,47,1,6
11/04/2008,Friday,6,25,30,45,50,5,7
18/04/2008,Friday,3,6,7,27,50,5,9
25/04/2008,Friday,4,19,26,27,30,3,8
02/05/2008,Friday,2,26,37,45,48,4,8
09/05/2008,Friday,8,9,40,42,45,6,7
16/05/2008,Friday,6,9,15,25,38,4,9
23/05/2008,Friday,5,9,19,21,38,1,7
30/05/2008,Friday,5,7,14,20,49,2,8
06/06/2008,Friday,7,19,21,40,50,2,9
13/06/2008,Friday,13,16,37,44,50,1,9
20/06/2008,Friday,8,11,36,37,45,3,5
27/06/2008,Friday,5,20,26,44,50,5,7
04/07/2008,Friday,7,19,22,27,48,5,7
11/07/2008,Friday,9,11,13,19,37,3,4
18/07/2008,Friday,10,14,16,29,44,5,6
25/07/2008,Friday,7,11,15,24,29,2,7
01/08/2008,Friday,1,22,25,40,50,1,8
08/08/2008,Friday,4,5,15,16,45,4,7
15/08/2008,Friday,11,17,18,26,31,5,6
22/08/2008,Friday,7,27,29,39,50,5,7
29/08/2008,Friday,2,20,25,37,39,5,8
05/09/2008,Friday,7,12,16,17,39,3,8
12/09/2008,Friday,19,23,33,37,50,3,7
19/09/2008,Friday,14,16,19,20,31,6,9
26/09/2008,Friday,14,29,31,33,37,1,2
03/10/2008,Friday,4,13,19,23,38,2,3
10/10/2008,Friday,4,15,22,31,41,1,6
17/10/2008,Friday,3,10,12,42,50,1,5
24/10/2008,Friday,7,15,16,17,45,6,9
31/10/2008,Friday,3,18,25,34,41,2,5
07/11/2008,Friday,1,9,12,17,18,3,4
14/11/2008,Friday,8,10,14,21,26,3,4
21/11/2008,Friday,9,14,21,49,50,3,8
28/11/2008,Friday,8,11,16,25,41,2,4
05/12/2008,Friday,4,8,21,35,45,5,8
12/12/2008,Friday,2,19,28,42,49,2,7
19/12/2008,Friday,28,29,40,46,50,5,7
26/12/2008,Friday,1,2,26,44,50,1,7
02/01/2009,Friday,29,30,36,37,48,1,6
09/01/2009,Friday,7,15,22,28,48,1,4
16/01/2009,Friday,3,17,22,49,50,3,6
23/01/2009,Friday,32,33,36,40,49,2,8
30/01/2009,Friday,4,29,34,35,46,5,8
06/02/2009,Friday,10,20,30,36,40,3,5
13/02/2009,Friday,22,33,36,40,42,1,2
20/02/2009,Friday,9,12,13,14,48,1,2
27/02/2009,Friday,5,9,37,44,45,6,9
06/03/2009,Friday,13,17,19,25,35,5,6
13/03/2009,Friday,12,24,26,36,42,1,4
20/03/2009,Friday,12,16,23,31,35,4,6
27/03/2009,Friday,25,33,36,38,42,6,7
03/04/2009,Friday,2,20,24,32,46,1,9
10/04/2009,Friday,9,14,16,37,46,2,4
17/04/2009,Friday,4,7,21,44,47,1,5
24/04/2009,Friday,4,14,21,24,41,5,8
01/05/2009,Friday,5,19,31,38,47,3,5
08/05/2009,Friday,4,23,24,29,31,8,9
15/05/2009,Friday,8,18,19,20,42,5,9
22/05/2009,Friday,4,13,14,33,43,1,6
29/05/2009,Friday,2,5,30,37,47,3,6
05/06/2009,Friday,11,19,26,35,40,2,5
12/06/2009,Friday,6,14,16,34,50,4,6
19/06/2009,Friday,4,16,17,20,29,5,7
26/06/2009,Friday,6,11,21,30,39,2,8
03/07/2009,Friday,21,29,34,46,47,6,8
10/07/2009,Friday,6,16,20,42,46,1,6
17/07/2009,Friday,2,8,17,32,50,3,7
24/07/2009,Friday,14,15,25,35,47,5,9
31/07/2009,Friday,5,9,20,21,26,3,6
07/08/2009,Friday,10,20,22,24,31,2,7
14/08/2009,Friday,5,8,24,30,49,3,9
21/08/2009,Friday,4,7,16,31,42,3,5
28/08/2009,Friday,8,36,37,41,49,5,7
04/09/2009,Friday,6,9,20,38,39,3,9
11/09/2009,Friday,12,15,35,42,43,4,6
18/09/2009,Friday,6,16,30,38,41,2,4
25/09/2009,Friday,6,17,18,21,34,3,9
02/10/2009,Friday,22,23,24,29,44,1,5
09/10/2009,Friday,7,11,29,46,50,4,7
16/10/2009,Friday,12,23,30,31,47,3,4
23/10/2009,Friday,6,18,20,29,31,2,8
30/10/2009,Friday,9,33,35,38,40,2,6
06/11/2009,Friday,11,19,34,43,45,5,9
13/11/2009,Friday,13,15,25,26,32,3,4
20/11/2009,Friday,5,9,28,43,47,2,9
27/11/2009,Friday,5,8,13,15,33,8,9
04/12/2009,Friday,18,19,25,30,44,1,3
11/12/2009,Friday,20,41,43,44,46,2,9
18/12/2009,Friday,14,30,32,35,49,3,8
25/12/2009,Friday,4,5,14,17,34,3,5
01/01/2010,Friday,9,22,24,27,36,5,7
08/01/2010,Friday,4,5,14,44,46,8,9
15/01/2010,Friday,11,26,29,49,50,4,7
22/01/2010,Friday,4,22,27,36,44,7,9
29/01/2010,Friday,9,17,30,39,43,5,7
05/02/2010,Friday,34,35,38,39,46,3,4
12/02/2010,Friday,1,5,18,38,45,4,6
19/02/2010,Friday,12,31,37,38,43,2,3
26/02/2010,Friday,7,11,18,29,42,6,7
05/03/2010,Friday,12,18,19,43,49,3,9
12/03/2010,Friday,1,26,33,36,46,6,7
19/03/2010,Friday,10,28,30,38,39,2,7
26/03/2010,Friday,8,16,18,37,43,2,6
02/04/2010,Friday,12,18,24,26,45,4,5
09/04/2010,Friday,7,21,23,24,44,3,4
16/04/2010,Friday,9,11,17,26,40,3,9
23/04/2010,Friday,3,7,8,43,46,6,8
30/04/2010,Friday,6,22,24,25,36,3,8
07/05/2010,Friday,3,6,15,21,32,7,9
14/05/2010,Friday,1,17,31,43,47,2,3
21/05/2010,Friday,7,19,30,38,50,4,7
28/05/2010,Friday,4,9,31,32,33,3,7
04/06/2010,Friday,4,17,34,40,42,4,9
11/06/2010,Friday,2,22,24,36,44,1,2
18/06/2010,Friday,2,29,31,32,38,1,4
25/06/2010,Friday,1,8,18,28,31,8,9
02/07/2010,Friday,12,13,36,41,46,1,8
09/07/2010,Friday,9,24,37,39,49,3,9
16/07/2010,Friday,38,39,45,46,49,7,8
23/07/2010,Friday,4,13,35,37,46,3,9
30/07/2010,Friday,3,4,11,28,39,2,8
06/08/2010,Friday,13,25,28,29,42,4,5
13/08/2010,Friday,4,9,15,21,47,2,7
20/08/2010,Friday,5,27,31,40,42,1,6
27/08/2010,Friday,1,6,13,30,49,1,9
03/09/2010,Friday,13,24,26,47,49,4,8
10/09/2010,Friday,17,21,35,41,45,1,5
17/09/2010,Friday,17,27,29,38,50,1,3
24/09/2010,Friday,1,4,16,40,48,1,9
01/10/2010,Friday,1,4,6,27,48,1,6
08/10/2010,Friday,9,30,35,39,46,6,8
15/10/2010,Friday,2,31,36,38,43,3,7
22/10/2010,Friday,4,5,9,11,39,3,5
29/10/2010,Friday,16,20,22,32,42,8,9
05/11/2010,Friday,21,23,33,40,50,4,5
12/11/2010,Friday,7,19,23,29,47,1,6
19/11/2010,Friday,12,15,32,36,45,7,9
26/11/2010,Friday,9,28,36,41,49,5,7
03/12/2010,Friday,8,19,28,32,46,4,7
10/12/2010,Friday,2,3,10,33,46,7,8
17/12/2010,Friday,3,20,29,35,42,3,8
24/12/2010,Friday,19,36,38,42,46,2,8
31/12/2010,Friday,2,24,34,38,43,1,7
07/01/2011,Friday,1,22,32,48,50,6,7
14/01/2011,Friday,2,14,24,39,44,6,7
21/01/2011,Friday,3,11,13,18,21,4,5
28/01/2011,Friday,13,23,24,41,42,1,5
04/02/2011,Friday,2,11,24,35,47,5,9
11/02/2011,Friday,12,14,15,19,23,7,8
18/02/2011,Friday,2,3,15,45,49,5,9
25/02/2011,Friday,12,13,42,45,48,3,9
04/03/2011,Friday,11,25,27,28,41,5,8
11/03/2011,Friday,17,19,24,37,46,2,7
18/03/2011,Friday,1,13,20,26,50,6,7
25/03/2011,Friday,6,12,21,27,33,3,7
01/04/2011,Friday,4,17,21,22,33,4,8
08/04/2011,Friday,21,23,38,47,50,2,6
15/04/2011,Friday,4,6,21,39,41,2,6
22/04/2011,Friday,11,22,36,45,48,1,4
29/04/2011,Friday,15,25,38,40,41,1,2
06/05/2011,Friday,11,16,20,22,28,4,9
10/05/2011,Tuesday,3,10,15,28,45,5,7
13/05/2011,Friday,9,11,17,36,47,1,2
17/05/2011,Tuesday,20,21,37,45,46,2,3
20/05/2011,Friday,10,14,20,25,42,8,11
24/05/2011,Tuesday,16,23,24,26,29,2,9
27/05/2011,Friday,9,17,25,28,49,8,9
31/05/2011,Tuesday,1,9,10,22,50,5,11
03/06/2011,Friday,4,39,40,49,50,2,5
07/06/2011,Tuesday,6,25,36,38,40,4,10
10/06/2011,Friday,3,19,20,37,48,8,11
14/06/2011,Tuesday,5,12,19,41,48,8,10
17/06/2011,Friday,11,16,21,22,44,3,8
21/06/2011,Tuesday,17,20,35,49,50,3,4
24/06/2011,Friday,5,16,20,30,41,6,11
28/06/2011,Tuesday,15,16,30,44,50,2,3
01/07/2011,Friday,8,11,23,31,46,8,9
05/07/2011,Tuesday,11,28,29,47,49,1,5
08/07/2011,Friday,12,13,23,40,49,7,10
12/07/2011,Tuesday,17,19,38,42,45,9,10
15/07/2011,Friday,6,26,33,34,39,3,4
19/07/2011,Tuesday,3,16,25,26,35,5,9
22/07/2011,Friday,4,15,23,49,50,2,6
26/07/2011,Tuesday,1,5,22,25,48,3,11
29/07/2011,Friday,12,19,27,37,38,5,10
02/08/2011,Tuesday,5,8,14,24,33,3,8
05/08/2011,Friday,13,14,18,32,34,1,10
09/08/2011,Tuesday,7,23,24,34,36,8,11
12/08/2011,Friday,7,10,20,27,37,4,7
16/08/2011,Tuesday,1,13,17,18,45,3,8
19/08/2011,Friday,6,14,16,28,31,2,11
23/08/2011,Tuesday,4,6,14,42,50,2,4
26/08/2011,Friday,12,22,25,33,45,5,7
30/08/2011,Tuesday,2,8,10,19,46,5,9
02/09/2011,Friday,12,26,37,38,44,4,7
06/09/2011,Tuesday,35,42,47,48,50,8,9
09/09/2011,Friday,5,21,28,31,34,1,2
13/09/2011,Tuesday,9,28,30,32,49,9,10
16/09/2011,Friday,2,8,17,39,42,3,10
20/09/2011,Tuesday,9,19,25,36,38,7,11
23/09/2011,Friday,6,14,33,34,48,2,6
27/09/2011,Tuesday,18,27,28,35,40,3,5
30/09/2011,Friday,5,15,28,31,44,1,6
04/10/2011,Tuesday,14,16,23,38,45,8,11
07/10/2011,Friday,18,26,34,38,42,5,8
11/10/2011,Tuesday,1,4,12,16,48,9,10
14/10/2011,Friday,12,23,29,32,47,3,5
18/10/2011,Tuesday,18,23,37,46,48,2,10
21/10/2011,Friday,2,19,33,37,46,5,8
25/10/2011,Tuesday,12,22,27,28,39,4,10
28/10/2011,Friday,16,17,20,39,50,4,8
01/11/2011,Tuesday,14,20,23,45,46,1,11
04/11/2011,Friday,11,14,41,43,50,2,9
08/11/2011,Tuesday,1,4,15,29,40,1,5
11/11/2011,Friday,1,4,18,23,30,3,7
15/11/2011,Tuesday,6,17,22,45,47,3,11
18/11/2011,Friday,4,12,24,39,44,2,4
22/11/2011,Tuesday,16,18,24,38,40,2,4
25/11/2011,Friday,14,19,26,28,34,5,8
29/11/2011,Tuesday,11,25,41,45,50,2,7
02/12/2011,Friday,7,27,30,40,43,8,9
06/12/2011,Tuesday,19,20,21,34,38,3,9
09/12/2011,Friday,12,21,29,44,47,1,2
13/12/2011,Tuesday,7,12,18,33,37,1,11
16/12/2011,Friday,2,5,10,23,31,2,5
20/12/2011,Tuesday,1,9,12,14,48,1,7
23/12/2011,Friday,7,21,22,24,28,1,11
27/12/2011,Tuesday,19,21,25,26,44,3,7
30/12/2011,Friday,16,36,43,44,50,7,8
03/01/2012,Tuesday,3,30,42,45,49,5,10
06/01/2012,Friday,1,6,10,12,31,2,7
10/01/2012,Tuesday,4,9,10,30,40,2,9
13/01/2012,Friday,13,14,21,27,39,6,8
17/01/2012,Tuesday,12,22,30,31,44,5,6
20/01/2012,Friday,2,10,22,27,28,6,8
24/01/2012,Tuesday,1,2,6,20,36,8,11
27/01/2012,Friday,10,13,19,39,44,2,6
31/01/2012,Tuesday,9,34,38,43,45,2,4
03/02/2012,Friday,16,19,20,25,28,1,10
07/02/2012,Tuesday,3,15,17,28,33,2,4
10/02/2012,Friday,3,8,14,31,41,7,11
14/02/2012,Tuesday,14,27,36,42,46,8,11
17/02/2012,Friday,4,11,28,38,47,10,11
21/02/2012,Tuesday,11,14,24,25,29,7,11
24/02/2012,Friday,3,7,12,26,34,8,10
28/02/2012,Tuesday,1,10,17,33,48,2,3
02/03/2012,Friday,5,6,11,30,44,2,6
06/03/2012,Tuesday,23,24,27,37,47,2,6
09/03/2012,Friday,3,32,36,39,47,6,9
13/03/2012,Tuesday,1,10,25,43,47,8,9
16/03/2012,Friday,3,4,12,23,50,4,7
20/03/2012,Tuesday,15,16,28,30,46,3,4
23/03/2012,Friday,9,15,23,31,50,8,11
27/03/2012,Tuesday,24,27,29,34,36,7,8
30/03/2012,Friday,4,17,23,36,46,6,10
03/04/2012,Tuesday,1,8,18,25,30,9,10
06/04/2012,Friday,11,20,30,35,45,2,3
10/04/2012,Tuesday,22,25,27,36,37,5,9
13/04/2012,Friday,8,13,26,39,43,3,5
17/04/2012,Tuesday,10,28,33,48,49,1,10
20/04/2012,Friday,3,6,29,32,41,10,11
24/04/2012,Tuesday,8,9,24,43,48,3,5
27/04/2012,Friday,20,27,30,36,43,1,6
01/05/2012,Tuesday,4,5,15,19,41,9,11
04/05/2012,Friday,3,26,39,40,41,1,2
08/05/2012,Tuesday,3,21,34,38,48,5,8
11/05/2012,Friday,1,13,17,38,44,2,11
15/05/2012,Tuesday,2,11,13,26,50,2,5
18/05/2012,Friday,13,29,43,47,50,9,11
22/05/2012,Tuesday,16,31,32,37,41,1,7
25/05/2012,Friday,12,22,35,46,49,2,8
29/05/2012,Tuesday,8,15,17,25,28,3,11
01/06/2012,Friday,2,4,14,26,36,9,10
05/06/2012,Tuesday,13,34,37,47,49,8,9
08/06/2012,Friday,5,11,22,34,40,9,11
12/06/2012,Tuesday,8,15,26,30,48,9,10
15/06/2012,Friday,10,22,27,38,48,3,7
19/06/2012,Tuesday,7,17,20,35,50,5,11
22/06/2012,Friday,14,18,19,43,49,3,7
26/06/2012,Tuesday,1,11,20,22,35,8,10
29/06/2012,Friday,14,17,28,29,39,1,11
03/07/2012,Tuesday,2,7,22,27,40,3,6
06/07/2012,Friday,31,32,38,40,42,1,3
10/07/2012,Tuesday,1,3,16,24,37,1,8
13/07/2012,Friday,8,18,25,35,46,4,9
17/07/2012,Tuesday,2,7,24,43,46,8,10
20/07/2012,Friday,10,19,23,45,49,9,10
24/07/2012,Tuesday,4,16,18,25,44,1,11
27/07/2012,Friday,14,15,21,23,48,2,10
31/07/2012,Tuesday,4,29,35,36,39,8,9
03/08/2012,Friday,24,34,35,42,46,1,5
07/08/2012,Tuesday,20,27,34,46,50,2,3
10/08/2012,Friday,11,17,21,48,50,9,10
14/08/2012,Tuesday,1,16,38,42,45,9,10
17/08/2012,Friday,19,25,28,33,44,2,8
21/08/2012,Tuesday,4,5,17,38,48,3,4
24/08/2012,Friday,5,6,12,19,37,3,7
28/08/2012,Tuesday,1,18,25,26,44,4,5
31/08/2012,Friday,16,28,31,33,48,7,11
04/09/2012,Tuesday,11,17,18,39,44,5,10
07/09/2012,Friday,13,15,30,35,42,4,6
11/09/2012,Tuesday,6,15,22,37,44,2,4
14/09/2012,Friday,3,10,23,27,44,7,9
18/09/2012,Tuesday,6,7,38,39,44,7,9
21/09/2012,Friday,4,19,34,41,43,7,11
25/09/2012,Tuesday,7,25,27,48,49,1,4
28/09/2012,Friday,20,23,26,30,33,6,9
02/10/2012,Tuesday,4,16,21,36,42,7,8
05/10/2012,Friday,9,16,18,19,21,2,3
09/10/2012,Tuesday,2,8,10,23,25,8,9
12/10/2012,Friday,6,7,17,35,43,2,8
16/10/2012,Tuesday,10,32,40,41,49,2,8
19/10/2012,Friday,16,29,37,40,44,8,10
23/10/2012,Tuesday,1,28,35,38,50,2,10
26/10/2012,Friday,5,6,9,27,38,5,11
30/10/2012,Tuesday,23,24,25,31,44,2,3
02/11/2012,Friday,3,6,10,11,44,3,4
06/11/2012,Tuesday,7,20,25,35,41,1,9
09/11/2012,Friday,14,21,22,28,47,4,5
13/11/2012,Tuesday,11,16,21,24,29,2,6
16/11/2012,Friday,10,15,19,23,41,2,9
20/11/2012,Tuesday,28,30,42,45,49,5,10
23/11/2012,Friday,1,9,11,20,40,1,5
27/11/2012,Tuesday,6,10,23,44,49,1,7
30/11/2012,Friday,10,18,23,24,40,3,4
04/12/2012,Tuesday,5,10,28,29,44,2,4
07/12/2012,Friday,10,16,18,31,42,2,5
11/12/2012,Tuesday,1,4,9,43,50,6,8
14/12/2012,Friday,10,11,29,40,43,3,11
18/12/2012,Tuesday,14,18,20,35,44,2,5
21/12/2012,Friday,3,5,22,40,42,3,10
25/12/2012,Tuesday,14,18,20,23,32,3,10
28/12/2012,Friday,17,24,26,27,49,3,5
01/01/2013,Tuesday,2,7,8,36,49,1,11
04/01/2013,Friday,4,10,22,27,41,8,10
08/01/2013,Tuesday,2,20,22,26,47,5,9
11/01/2013,Friday,4,22,29,37,41,4,7
15/01/2013,Tuesday,22,38,40,42,47,1,11
18/01/2013,Friday,4,26,27,30,39,3,10
22/01/2013,Tuesday,1,10,44,45,48,1,4
25/01/2013,Friday,3,10,18,31,37,2,4
29/01/2013,Tuesday,9,16,26,36,39,2,6
01/02/2013,Friday,5,21,34,37,38,1,6
05/02/2013,Tuesday,6,25,31,40,45,6,7
08/02/2013,Friday,9,11,14,34,44,10,11
12/02/2013,Tuesday,5,11,16,25,28,7,9
15/02/2013,Friday,2,4,22,28,42,4,9
19/02/2013,Tuesday,12,15,28,30,44,8,9
22/02/2013,Friday,15,16,28,36,37,2,11
26/02/2013,Tuesday,3,12,13,17,30,2,6
01/03/2013,Friday,1,11,29,36,42,4,5
05/03/2013,Tuesday,8,19,31,33,39,2,7
08/03/2013,Friday,3,20,23,28,42,8,11
12/03/2013,Tuesday,2,4,10,22,50,5,8
15/03/2013,Friday,4,14,21,24,39,3,10
19/03/2013,Tuesday,19,32,35,37,44,1,9
22/03/2013,Friday,12,27,32,34,49,8,9
26/03/2013,Tuesday,4,26,30,42,44,6,11
29/03/2013,Friday,13,30,43,44,46,5,9
02/04/2013,Tuesday,12,17,25,29,41,1,4
05/04/2013,Friday,1,11,17,32,39,2,7
09/04/2013,Tuesday,15,35,38,44,48,5,10
12/04/2013,Friday,5,10,15,28,45,3,9
16/04/2013,Tuesday,1,11,22,33,50,4,6
19/04/2013,Friday,1,8,42,46,48,4,7
23/04/2013,Tuesday,1,4,7,10,50,4,11
26/04/2013,Friday,11,16,24,38,40,2,5
30/04/2013,Tuesday,13,36,40,43,50,5,9
03/05/2013,Friday,3,5,34,40,49,2,3
07/05/2013,Tuesday,13,27,28,42,43,4,6
10/05/2013,Friday,1,32,35,45,48,4,11
14/05/2013,Tuesday,7,8,24,27,36,5,11
17/05/2013,Friday,6,20,24,25,50,9,10
21/05/2013,Tuesday,7,8,19,28,29,5,9
24/05/2013,Friday,7,17,22,27,40,2,3
28/05/2013,Tuesday,8,13,26,34,38,3,11
31/05/2013,Friday,27,28,29,34,43,5,10
04/06/2013,Tuesday,31,33,34,37,40,1,6
07/06/2013,Friday,7,14,26,45,50,2,7
11/06/2013,Tuesday,5,7,9,25,41,1,5
14/06/2013,Friday,10,25,41,47,48,6,10
18/06/2013,Tuesday,17,24,33,41,44,1,11
21/06/2013,Friday,10,11,30,36,45,1,2
25/06/2013,Tuesday,4,5,13,27,35,1,2
28/06/2013,Friday,1,15,28,35,47,1,7
02/07/2013,Tuesday,11,13,14,28,30,4,5
05/07/2013,Friday,4,12,15,28,33,1,10
09/07/2013,Tuesday,16,18,31,38,49,4,10
12/07/2013,Friday,18,26,32,33,42,2,3
16/07/2013,Tuesday,19,23,34,47,50,4,6
19/07/2013,Friday,13,16,24,26,35,2,5
23/07/2013,Tuesday,14,15,16,19,44,4,5
26/07/2013,Friday,12,23,29,38,49,3,4
30/07/2013,Tuesday,3,4,11,14,43,1,6
02/08/2013,Friday,21,36,37,42,48,4,7
06/08/2013,Tuesday,16,17,31,47,49,3,11
09/08/2013,Friday,4,7,9,23,24,8,9
13/08/2013,Tuesday,5,17,20,47,50,1,4
16/08/2013,Friday,20,24,27,37,39,5,10
20/08/2013,Tuesday,5,11,42,49,50,8,11
23/08/2013,Friday,1,6,26,30,37,5,8
27/08/2013,Tuesday,7,30,38,40,43,2,6
30/08/2013,Friday,2,17,25,36,45,5,9
03/09/2013,Tuesday,5,9,16,18,42,7,9
06/09/2013,Friday,11,23,25,32,37,4,7
10/09/2013,Tuesday,7,11,14,28,30,2,10
13/09/2013,Friday,4,6,14,27,33,5,10
17/09/2013,Tuesday,13,17,21,42,44,9,11
20/09/2013,Friday,5,11,35,38,45,2,3
24/09/2013,Tuesday,10,20,26,28,43,9,11
27/09/2013,Friday,11,15,38,41,43,2,6
01/10/2013,Tuesday,19,23,25,44,48,8,9
04/10/2013,Friday,6,20,24,35,50,5,10
08/10/2013,Tuesday,23,24,26,33,42,3,5
11/10/2013,Friday,6,12,17,23,43,5,9
15/10/2013,Tuesday,18,27,39,43,47,4,7
18/10/2013,Friday,5,25,36,46,47,2,6
22/10/2013,Tuesday,29,33,39,41,44,9,11
25/10/2013,Friday,2,3,10,31,38,6,10
29/10/2013,Tuesday,9,10,30,32,37,2,6
01/11/2013,Friday,7,19,29,30,33,3,8
05/11/2013,Tuesday,6,12,13,35,38,2,3
08/11/2013,Friday,20,28,35,42,43,8,10
12/11/2013,Tuesday,14,29,37,40,48,2,11
15/11/2013,Friday,3,13,15,29,42,1,4
19/11/2013,Tuesday,14,15,19,36,45,1,10
22/11/2013,Friday,13,25,26,40,50,8,9
26/11/2013,Tuesday,19,23,27,42,44,3,5
29/11/2013,Friday,2,7,10,23,43,4,7
03/12/2013,Tuesday,6,13,15,29,32,2,9
06/12/2013,Friday,1,2,18,31,36,7,10
10/12/2013,Tuesday,6,24,35,49,50,1,7
13/12/2013,Friday,1,22,23,24,31,6,11
17/12/2013,Tuesday,6,8,27,37,41,7,10
20/12/2013,Friday,12,13,17,22,43,3,10
24/12/2013,Tuesday,5,19,31,43,50,2,6
27/12/2013,Friday,1,6,13,22,28,5,10
31/12/2013,Tuesday,13,20,24,29,45,3,7
03/01/2014,Friday,3,27,31,38,44,3,8
07/01/2014,Tuesday,2,20,27,33,45,6,10
10/01/2014,Friday,1,2,11,27,29,1,10
14/01/2014,Tuesday,18,20,25,26,37,10,11
17/01/2014,Friday,19,26,32,33,42,4,10
21/01/2014,Tuesday,4,12,35,42,48,5,8
24/01/2014,Friday,5,19,34,35,41,1,5
28/01/2014,Tuesday,18,20,23,42,48,2,9
31/01/2014,Friday,8,10,15,16,31,8,9
04/02/2014,Tuesday,1,21,33,37,38,4,8
07/02/2014,Friday,3,17,19,46,47,9,10
11/02/2014,Tuesday,8,17,25,41,47,1,2
14/02/2014,Friday,2,4,6,19,39,2,7
18/02/2014,Tuesday,23,26,36,37,49,6,7
21/02/2014,Friday,13,17,28,30,32,5,7
25/02/2014,Tuesday,21,25,28,35,42,4,6
28/02/2014,Friday,12,32,38,43,44,2,7
04/03/2014,Tuesday,3,5,22,27,44,1,6
07/03/2014,Friday,5,10,38,40,41,1,8
11/03/2014,Tuesday,1,4,23,33,44,7,8
14/03/2014,Friday,6,24,25,27,30,5,9
18/03/2014,Tuesday,8,27,34,36,39,5,10
21/03/2014,Friday,7,30,37,39,42,5,7
25/03/2014,Tuesday,7,20,26,28,50,2,8
28/03/2014,Friday,3,4,19,28,43,3,7
01/04/2014,Tuesday,16,18,26,38,44,8,10
04/04/2014,Friday,6,10,28,45,50,10,11
08/04/2014,Tuesday,11,18,29,42,49,4,11
11/04/2014,Friday,8,12,19,30,33,4,11
15/04/2014,Tuesday,3,14,26,47,50,7,11
18/04/2014,Friday,21,24,31,39,47,3,7
22/04/2014,Tuesday,13,15,20,24,46,1,8
25/04/2014,Friday,13,21,24,44,49,1,9
29/04/2014,Tuesday,18,23,26,35,44,3,11
02/05/2014,Friday,4,30,31,38,42,2,11
06/05/2014,Tuesday,5,19,24,31,37,1,9
09/05/2014,Friday,3,21,26,28,45,7,10
13/05/2014,Tuesday,4,13,30,34,47,2,6
16/05/2014,Friday,23,26,29,37,40,3,4
20/05/2014,Tuesday,5,33,36,38,47,4,9
23/05/2014,Friday,3,8,31,34,47,9,11
27/05/2014,Tuesday,7,13,16,25,26,1,6
30/05/2014,Friday,5,24,27,41,45,6,7
03/06/2014,Tuesday,2,15,32,39,44,5,10
06/06/2014,Friday,7,25,34,40,49,9,11
10/06/2014,Tuesday,12,18,21,32,33,1,11
13/06/2014,Friday,16,18,22,28,46,9,11
17/06/2014,Tuesday,11,13,37,40,48,8,9
20/06/2014,Friday,5,15,25,38,49,1,2
24/06/2014,Tuesday,1,7,20,21,48,4,7
27/06/2014,Friday,31,33,34,39,45,2,10
01/07/2014,Tuesday,18,22,25,27,39,5,10
04/07/2014,Friday,4,18,39,43,47,2,6
08/07/2014,Tuesday,8,18,22,24,27,4,11
11/07/2014,Friday,5,22,35,38,49,4,7
15/07/2014,Tuesday,15,18,20,27,34,1,3
18/07/2014,Friday,1,11,29,41,43,3,11
22/07/2014,Tuesday,1,24,43,45,50,5,8
25/07/2014,Friday,9,10,12,24,43,5,9
29/07/2014,Tuesday,10,23,35,40,43,3,9
01/08/2014,Friday,24,44,46,48,50,5,10
05/08/2014,Tuesday,5,7,19,21,42,5,11
08/08/2014,Friday,21,29,35,43,46,1,9
12/08/2014,Tuesday,7,16,19,22,33,2,5
15/08/2014,Friday,4,5,21,23,30,8,10
19/08/2014,Tuesday,4,7,11,34,47,7,8
22/08/2014,Friday,4,17,29,35,49,1,2
26/08/2014,Tuesday,10,22,36,45,48,4,11
29/08/2014,Friday,2,9,26,32,38,3,6
02/09/2014,Tuesday,5,25,31,39,45,1,8
05/09/2014,Friday,1,18,23,46,50,3,9
09/09/2014,Tuesday,8,15,19,24,35,8,10
12/09/2014,Friday,9,13,26,31,33,7,11
16/09/2014,Tuesday,4,29,30,35,50,2,4
19/09/2014,Friday,6,8,34,38,48,3,9
23/09/2014,Tuesday,12,13,14,29,35,1,7
26/09/2014,Friday,13,27,35,46,47,1,2
30/09/2014,Tuesday,3,13,15,33,42,5,7
03/10/2014,Friday,4,13,23,48,50,5,10
07/10/2014,Tuesday,9,21,28,30,38,1,8
10/10/2014,Friday,6,29,42,45,47,9,10
14/10/2014,Tuesday,4,5,15,23,32,3,7
17/10/2014,Friday,1,13,40,48,49,8,10
21/10/2014,Tuesday,20,21,27,33,40,3,10
24/10/2014,Friday,3,9,20,30,42,1,6
28/10/2014,Tuesday,10,15,17,40,45,1,2
31/10/2014,Friday,10,13,20,33,41,3,9
04/11/2014,Tuesday,1,6,13,17,26,3,5
07/11/2014,Friday,13,25,32,38,46,1,10
11/11/2014,Tuesday,2,14,21,36,46,7,11
14/11/2014,Friday,17,32,36,38,48,5,8
18/11/2014,Tuesday,2,3,17,36,38,4,11
21/11/2014,Friday,4,7,28,32,37,5,10
25/11/2014,Tuesday,3,7,25,32,36,1,6
28/11/2014,Friday,6,10,15,23,41,4,10
02/12/2014,Tuesday,3,15,25,44,49,1,9
05/12/2014,Friday,5,8,37,47,48,2,3
09/12/2014,Tuesday,1,3,31,42,46,4,11
12/12/2014,Friday,2,15,28,31,37,4,6
16/12/2014,Tuesday,3,7,12,13,25,5,8
19/12/2014,Friday,23,29,31,39,44,5,8
23/12/2014,Tuesday,8,9,19,25,49,2,10
26/12/2014,Friday,17,26,27,45,49,2,3
30/12/2014,Tuesday,6,18,39,44,50,8,11
02/01/2015,Friday,22,24,25,28,49,3,6
06/01/2015,Tuesday,14,20,30,38,49,3,4
09/01/2015,Friday,6,21,24,32,45,1,11
13/01/2015,Tuesday,8,17,21,31,34,9,10
16/01/2015,Friday,29,30,32,34,46,3,6
20/01/2015,Tuesday,15,33,41,44,47,8,10
23/01/2015,Friday,6,29,30,38,45,1,8
27/01/2015,Tuesday,5,10,31,33,40,8,10
30/01/2015,Friday,9,13,15,19,24,3,8
03/02/2015,Tuesday,17,31,33,44,50,7,11
06/02/2015,Friday,10,26,30,39,50,7,8
10/02/2015,Tuesday,13,17,20,30,45,9,10
13/02/2015,Friday,12,24,39,42,44,3,11
17/02/2015,Tuesday,2,5,18,30,43,1,10
20/02/2015,Friday,4,10,14,37,46,4,7
24/02/2015,Tuesday,3,25,28,34,50,1,11
27/02/2015,Friday,5,14,17,25,47,9,10
03/03/2015,Tuesday,6,8,11,13,21,7,8
06/03/2015,Friday,23,30,47,49,50,2,7
10/03/2015,Tuesday,2,6,23,30,31,2,10
13/03/2015,Friday,4,5,18,22,23,1,3
17/03/2015,Tuesday,11,23,26,38,44,1,8
20/03/2015,Friday,3,14,37,42,48,1,10
24/03/2015,Tuesday,10,24,26,39,40,3,10
27/03/2015,Friday,2,30,32,39,44,6,10
31/03/2015,Tuesday,8,20,24,28,49,8,9
03/04/2015,Friday,27,29,37,39,49,2,4
07/04/2015,Tuesday,18,25,39,44,50,5,8
10/04/2015,Friday,22,23,25,30,43,5,9
14/04/2015,Tuesday,24,32,34,35,49,1,2
17/04/2015,Friday,2,24,30,34,39,8,11
21/04/2015,Tuesday,6,14,17,42,45,1,8
24/04/2015,Friday,5,19,29,31,40,3,10
28/04/2015,Tuesday,24,26,28,36,45,7,10
01/05/2015,Friday,3,19,20,25,26,6,10
05/05/2015,Tuesday,1,10,17,20,42,8,9
08/05/2015,Friday,7,14,19,47,49,3,10
12/05/2015,Tuesday,14,29,30,40,46,3,6
15/05/2015,Friday,5,35,42,44,47,8,9
19/05/2015,Tuesday,26,30,31,35,37,8,11
22/05/2015,Friday,18,24,35,44,45,5,11
26/05/2015,Tuesday,5,6,7,21,24,5,6
29/05/2015,Friday,3,4,20,45,48,6,8
02/06/2015,Tuesday,7,23,29,37,41,1,8
05/06/2015,Friday,2,7,8,45,48,1,9
09/06/2015,Tuesday,5,9,17,32,34,6,8
12/06/2015,Friday,5,8,10,11,37,7,9
16/06/2015,Tuesday,10,15,16,36,37,3,9
19/06/2015,Friday,7,14,20,31,42,3,9
23/06/2015,Tuesday,4,16,22,38,49,6,9
26/06/2015,Friday,3,6,10,19,24,5,7
30/06/2015,Tuesday,11,15,28,34,37,1,8
03/07/2015,Friday,11,12,15,18,44,3,9
07/07/2015,Tuesday,6,7,18,33,41,3,10
10/07/2015,Friday,5,8,15,35,41,4,5
14/07/2015,Tuesday,6,18,19,34,36,1,8
17/07/2015,Friday,1,21,22,43,48,7,9
21/07/2015,Tuesday,14,20,27,29,44,7,10
24/07/2015,Friday,2,9,21,35,46,2,11
28/07/2015,Tuesday,23,32,36,43,49,7,8
31/07/2015,Friday,16,21,34,40,50,6,9
04/08/2015,Tuesday,10,15,39,45,50,9,10
07/08/2015,Friday,1,5,21,39,44,4,11
11/08/2015,Tuesday,2,3,8,15,16,4,11
14/08/2015,Friday,4,7,39,44,45,3,5
18/08/2015,Tuesday,7,10,11,12,19,2,9
21/08/2015,Friday,4,16,18,43,47,6,10
25/08/2015,Tuesday,27,31,33,42,50,2,5
28/08/2015,Friday,11,29,30,31,34,4,7
01/09/2015,Tuesday,6,19,21,27,45,1,8
04/09/2015,Friday,8,9,27,45,50,8,10
08/09/2015,Tuesday,14,16,39,40,42,1,4
11/09/2015,Friday,10,18,19,29,50,1,9
15/09/2015,Tuesday,8,15,17,44,49,5,8
18/09/2015,Friday,7,29,33,34,39,7,8
22/09/2015,Tuesday,14,23,26,27,29,7,10
25/09/2015,Friday,13,14,23,30,37,2,8
29/09/2015,Tuesday,11,14,26,29,49,3,9
02/10/2015,Friday,7,18,21,32,35,2,11
06/10/2015,Tuesday,11,20,22,29,32,1,8
09/10/2015,Friday,1,40,42,43,47,9,11
13/10/2015,Tuesday,12,15,26,29,47,3,11
16/10/2015,Friday,7,28,29,43,48,3,10
20/10/2015,Tuesday,17,19,21,30,45,8,10
23/10/2015,Friday,7,25,30,32,39,2,8
27/10/2015,Tuesday,11,12,20,25,36,6,9
30/10/2015,Friday,8,13,17,21,34,6,7
03/11/2015,Tuesday,8,27,39,46,49,2,6
06/11/2015,Friday,3,17,26,38,40,4,10
10/11/2015,Tuesday,6,13,18,39,43,2,8
13/11/2015,Friday,10,17,18,33,40,2,8
17/11/2015,Tuesday,6,7,23,37,38,10,11
20/11/2015,Friday,4,30,34,46,49,7,8
24/11/2015,Tuesday,9,14,16,17,26,10,11
27/11/2015,Friday,16,29,30,37,50,6,8
01/12/2015,Tuesday,2,15,25,35,45,8,10
04/12/2015,Friday,8,17,18,27,39,1,7
08/12/2015,Tuesday,12,17,29,38,48,9,11
11/12/2015,Friday,3,5,21,40,43,6,11
15/12/2015,Tuesday,8,11,23,27,35,4,11
18/12/2015,Friday,6,22,26,29,48,5,6
22/12/2015,Tuesday,18,19,20,40,41,7,10
25/12/2015,Friday,3,10,25,27,40,3,9
29/12/2015,Tuesday,5,20,31,32,36,6,7
01/01/2016,Friday,4,37,38,39,44,4,7
05/01/2016,Tuesday,6,10,31,36,39,6,10
08/01/2016,Friday,5,26,33,35,40,3,8
12/01/2016,Tuesday,1,2,10,30,44,1,8
15/01/2016,Friday,10,19,38,43,46,1,11
19/01/2016,Tuesday,2,30,38,43,46,2,7
22/01/2016,Friday,10,12,27,30,47,8,9
26/01/2016,Tuesday,15,24,38,40,48,2,9
29/01/2016,Friday,1,5,23,29,32,1,7
02/02/2016,Tuesday,6,9,10,21,36,2,6
05/02/2016,Friday,3,27,32,41,46,4,8
09/02/2016,Tuesday,6,9,13,28,37,4,5
12/02/2016,Friday,3,20,28,31,49,2,5
16/02/2016,Tuesday,3,10,22,37,50,6,10
19/02/2016,Friday,13,14,30,32,39,3,9
23/02/2016,Tuesday,23,25,32,37,42,1,11
26/02/2016,Friday,5,13,15,33,50,9,11
01/03/2016,Tuesday,4,7,13,28,37,10,11
04/03/2016,Friday,9,14,16,23,40,1,5
08/03/2016,Tuesday,1,8,9,14,23,1,7
11/03/2016,Friday,1,21,26,40,43,6,9
15/03/2016,Tuesday,5,7,10,34,44,2,10
18/03/2016,Friday,14,19,21,24,49,5,11
22/03/2016,Tuesday,12,15,26,42,49,5,8
25/03/2016,Friday,12,19,36,42,43,5,8
29/03/2016,Tuesday,1,4,19,25,36,3,11
01/04/2016,Friday,2,16,23,25,49,6,9
05/04/2016,Tuesday,3,5,9,19,40,2,5
08/04/2016,Friday,6,8,26,43,49,6,10
12/04/2016,Tuesday,1,5,9,22,38,2,10
15/04/2016,Friday,13,14,32,37,48,1,7
19/04/2016,Tuesday,11,14,15,27,44,2,7
22/04/2016,Friday,17,26,32,34,43,2,10
26/04/2016,Tuesday,10,17,31,32,42,2,5
29/04/2016,Friday,4,5,25,28,43,6,11
03/05/2016,Tuesday,8,23,24,34,38,3,7
06/05/2016,Friday,32,34,40,45,48,1,10
10/05/2016,Tuesday,2,26,27,40,49,5,10
13/05/2016,Friday,7,15,28,31,42,10,11
17/05/2016,Tuesday,15,27,32,36,39,3,10
20/05/2016,Friday,9,14,30,41,45,4,9
24/05/2016,Tuesday,16,17,23,34,37,6,9
27/05/2016,Friday,13,25,27,43,46,4,8
31/05/2016,Tuesday,6,12,26,30,48,6,7
03/06/2016,Friday,7,23,31,33,39,6,10
07/06/2016,Tuesday,19,26,35,45,49,2,5
10/06/2016,Friday,14,21,35,42,43,7,9
14/06/2016,Tuesday,13,34,39,42,50,9,11
17/06/2016,Friday,1,7,18,27,43,4,8
21/06/2016,Tuesday,5,17,32,35,49,1,5
24/06/2016,Friday,11,19,27,28,39,3,10
28/06/2016,Tuesday,26,32,37,43,49,4,5
01/07/2016,Friday,2,11,13,40,50,1,10
05/07/2016,Tuesday,1,10,29,38,48,3,4
08/07/2016,Friday,8,12,18,33,44,4,8
12/07/2016,Tuesday,3,7,26,33,41,2,10
15/07/2016,Friday,2,11,13,14,21,1,8
19/07/2016,Tuesday,19,24,28,36,37,3,6
22/07/2016,Friday,7,24,26,37,45,5,9
26/07/2016,Tuesday,3,10,13,45,49,2,11
29/07/2016,Friday,1,21,26,40,50,2,4
02/08/2016,Tuesday,2,8,27,38,46,2,6
05/08/2016,Friday,16,19,24,35,37,2,7
09/08/2016,Tuesday,12,19,43,44,45,5,10
12/08/2016,Friday,2,15,28,36,50,2,11
16/08/2016,Tuesday,2,26,34,37,46,4,8
19/08/2016,Friday,5,6,22,25,34,5,7
23/08/2016,Tuesday,2,23,31,37,45,4,8
26/08/2016,Friday,1,9,28,30,48,7,8
30/08/2016,Tuesday,13,16,29,35,42,6,8
02/09/2016,Friday,8,16,32,40,50,2,11
06/09/2016,Tuesday,12,24,30,34,45,7,10
09/09/2016,Friday,4,11,15,17,28,1,3
13/09/2016,Tuesday,4,7,16,35,44,1,3
16/09/2016,Friday,5,8,14,22,32,2,11
20/09/2016,Tuesday,1,4,10,41,45,6,9
23/09/2016,Friday,14,16,39,42,49,3,9
27/09/2016,Tuesday,6,9,13,39,41,2,12
30/09/2016,Friday,17,35,37,43,44,2,10
04/10/2016,Tuesday,4,7,14,34,38,4,11
07/10/2016,Friday,2,12,20,27,30,9,11
11/10/2016,Tuesday,5,12,20,24,37,4,11
14/10/2016,Friday,7,13,19,31,34,1,11
18/10/2016,Tuesday,2,17,21,25,27,6,9
21/10/2016,Friday,9,20,23,44,48,8,10
25/10/2016,Tuesday,3,15,20,21,28,1,5
28/10/2016,Friday,10,16,19,23,43,2,8
01/11/2016,Tuesday,6,10,20,29,37,1,9
04/11/2016,Friday,7,11,12,44,48,3,7
08/11/2016,Tuesday,5,9,47,49,50,8,9
11/11/2016,Friday,3,22,23,38,49,2,9
15/11/2016,Tuesday,7,15,36,42,48,3,7
18/11/2016,Friday,3,12,27,32,47,6,8
22/11/2016,Tuesday,5,10,33,34,47,2,10
25/11/2016,Friday,5,11,17,23,28,10,11
29/11/2016,Tuesday,21,26,27,28,38,9,11
02/12/2016,Friday,6,11,23,31,32,2,12
06/12/2016,Tuesday,1,7,11,27,45,4,9
09/12/2016,Friday,6,12,28,37,40,1,5
13/12/2016,Tuesday,14,28,29,48,50,2,8
16/12/2016,Friday,6,10,30,41,45,4,11
20/12/2016,Tuesday,13,15,17,21,27,2,3
23/12/2016,Friday,4,16,20,39,46,2,5
27/12/2016,Tuesday,3,22,25,32,39,7,12
30/12/2016,Friday,8,10,22,29,47,1,3
03/01/2017,Tuesday,19,23,27,34,49,1,11
06/01/2017,Friday,10,14,18,21,49,9,11
10/01/2017,Tuesday,2,11,29,35,44,4,9
13/01/2017,Friday,3,7,16,26,50,4,7
17/01/2017,Tuesday,4,16,25,43,47,2,10
20/01/2017,Friday,10,17,27,31,49,3,5
24/01/2017,Tuesday,1,5,7,17,23,3,8
27/01/2017,Friday,17,20,28,45,48,5,9
31/01/2017,Tuesday,3,4,17,23,44,6,9
03/02/2017,Friday,3,4,15,46,50,5,9
07/02/2017,Tuesday,4,10,31,38,44,8,10
10/02/2017,Friday,7,21,26,35,43,2,9
14/02/2017,Tuesday,2,10,24,40,44,3,10
17/02/2017,Friday,19,25,33,36,48,2,9
21/02/2017,Tuesday,13,19,41,45,49,3,4
24/02/2017,Friday,2,4,13,22,43,8,9
28/02/2017,Tuesday,10,20,31,35,42,2,12
03/03/2017,Friday,2,11,29,30,47,1,12
07/03/2017,Tuesday,6,37,41,48,50,4,5
10/03/2017,Friday,31,36,38,47,49,8,11
14/03/2017,Tuesday,3,5,21,36,44,3,6
17/03/2017,Friday,6,10,19,29,36,3,9
21/03/2017,Tuesday,1,20,23,44,47,4,11
24/03/2017,Friday,2,17,21,27,34,5,9
28/03/2017,Tuesday,9,13,31,33,46,6,10
31/03/2017,Friday,17,24,26,28,45,4,12
04/04/2017,Tuesday,1,9,24,33,34,2,6
07/04/2017,Friday,2,10,19,35,50,6,7
11/04/2017,Tuesday,5,21,22,31,49,2,8
14/04/2017,Friday,4,14,20,23,33,6,10
18/04/2017,Tuesday,17,22,31,38,45,5,12
21/04/2017,Friday,2,13,16,22,49,4,5
25/04/2017,Tuesday,9,11,19,32,43,3,9
28/04/2017,Friday,14,20,25,30,39,2,8
02/05/2017,Tuesday,6,19,23,25,27,11,12
05/05/2017,Friday,3,7,30,35,43,1,3
09/05/2017,Tuesday,8,12,16,22,26,6,7
12/05/2017,Friday,2,20,28,29,44,3,9
16/05/2017,Tuesday,8,11,15,20,30,3,8
19/05/2017,Friday,9,11,12,19,30,4,9
23/05/2017,Tuesday,8,15,25,27,42,1,4
26/05/2017,Friday,5,7,26,36,39,2,10
30/05/2017,Tuesday,7,12,27,38,48,6,9
02/06/2017,Friday,8,10,24,33,42,3,9
06/06/2017,Tuesday,20,22,25,37,40,3,7
09/06/2017,Friday,9,20,27,39,43,10,11
13/06/2017,Tuesday,3,12,22,27,49,4,11
16/06/2017,Friday,15,17,38,41,42,9,12
20/06/2017,Tuesday,11,18,26,43,44,8,10
23/06/2017,Friday,3,4,21,31,38,3,7
27/06/2017,Tuesday,9,17,21,28,45,1,3
30/06/2017,Friday,17,35,39,47,50,6,8
04/07/2017,Tuesday,10,22,25,37,49,5,8
07/07/2017,Friday,11,20,35,37,45,3,6
11/07/2017,Tuesday,14,22,26,42,50,8,10
14/07/2017,Friday,11,14,20,21,47,7,10
18/07/2017,Tuesday,1,25,27,41,45,5,7
21/07/2017,Friday,1,8,9,26,49,5,9
25/07/2017,Tuesday,12,14,43,44,48,2,11
28/07/2017,Friday,5,9,29,31,41,2,4
01/08/2017,Tuesday,14,21,24,29,30,8,10
04/08/2017,Friday,29,30,36,40,41,2,9
08/08/2017,Tuesday,15,25,26,40,41,4,5
11/08/2017,Friday,18,28,39,46,48,5,12
15/08/2017,Tuesday,10,14,30,35,46,4,10
18/08/2017,Friday,2,24,39,42,45,2,8
22/08/2017,Tuesday,3,10,12,17,27,3,5
25/08/2017,Friday,1,5,7,15,47,9,12
29/08/2017,Tuesday,4,12,15,32,38,1,5
01/09/2017,Friday,3,7,8,14,49,5,8
05/09/2017,Tuesday,6,9,18,28,29,1,9
08/09/2017,Friday,9,24,42,47,49,1,5
12/09/2017,Tuesday,10,17,27,29,35,4,11
15/09/2017,Friday,13,18,37,44,49,9,12
19/09/2017,Tuesday,1,8,21,30,45,2,3
22/09/2017,Friday,6,11,31,39,42,1,3
26/09/2017,Tuesday,1,29,40,41,48,6,12
29/09/2017,Friday,7,18,19,32,48,3,7
03/10/2017,Tuesday,6,24,32,48,50,1,5
06/10/2017,Friday,1,9,15,19,25,1,7
10/10/2017,Tuesday,4,21,34,36,37,3,6
13/10/2017,Friday,23,29,37,45,50,5,11
17/10/2017,Tuesday,13,17,19,26,36,2,3
20/10/2017,Friday,4,17,23,27,30,3,8
24/10/2017,Tuesday,9,11,13,27,33,7,10
27/10/2017,Friday,3,16,23,32,39,1,4
31/10/2017,Tuesday,1,12,36,43,46,3,5
03/11/2017,Friday,5,12,17,33,41,4,9
07/11/2017,Tuesday,7,19,20,37,41,2,12
10/11/2017,Friday,13,22,29,36,37,1,9
14/11/2017,Tuesday,14,16,39,40,41,8,10
17/11/2017,Friday,20,26,35,36,42,5,12
21/11/2017,Tuesday,2,10,14,28,31,5,7
24/11/2017,Friday,19,24,28,30,50,3,10
28/11/2017,Tuesday,1,6,12,18,42,2,7
01/12/2017,Friday,5,24,29,35,46,11,12
05/12/2017,Tuesday,11,36,43,44,48,2,7
08/12/2017,Friday,4,22,30,32,34,3,4
12/12/2017,Tuesday,20,37,39,44,50,4,8
15/12/2017,Friday,25,30,31,42,50,2,11
19/12/2017,Tuesday,8,15,30,38,46,4,7
22/12/2017,Friday,5,24,30,31,43,3,6
26/12/2017,Tuesday,4,17,30,43,44,2,10
29/12/2017,Friday,4,8,22,23,48,1,12
02/01/2018,Tuesday,10,20,21,28,48,1,8
05/01/2018,Friday,2,5,20,38,41,4,8
09/01/2018,Tuesday,6,12,15,38,49,2,9
12/01/2018,Friday,13,21,23,30,45,4,6
16/01/2018,Tuesday,20,23,31,34,46,3,12
19/01/2018,Friday,3,8,17,44,50,2,7
23/01/2018,Tuesday,5,8,9,23,24,7,8
26/01/2018,Friday,6,15,24,28,48,4,9
30/01/2018,Tuesday,11,15,21,27,35,4,5
02/02/2018,Friday,14,34,36,39,48,2,3
06/02/2018,Tuesday,8,17,28,34,38,6,12
09/02/2018,Friday,22,31,36,38,44,1,11
13/02/2018,Tuesday,10,13,17,21,44,1,10
16/02/2018,Friday,10,12,23,32,50,4,10
20/02/2018,Tuesday,6,14,19,25,29,5,11
23/02/2018,Friday,10,17,18,28,47,3,7
27/02/2018,Tuesday,3,31,41,48,50,8,11
02/03/2018,Friday,2,7,34,45,48,1,12
06/03/2018,Tuesday,15,20,26,31,44,2,9
09/03/2018,Friday,9,14,21,32,44,1,12
13/03/2018,Tuesday,9,11,13,33,49,6,12
16/03/2018,Friday,4,17,24,27,31,10,11
20/03/2018,Tuesday,26,29,37,39,44,9,11
23/03/2018,Friday,5,7,11,46,50,8,11
27/03/2018,Tuesday,17,20,23,40,46,9,10
30/03/2018,Friday,12,17,28,35,47,7,11
03/04/2018,Tuesday,3,8,16,40,43,5,8
06/04/2018,Friday,1,29,33,45,47,4,8
10/04/2018,Tuesday,14,27,39,46,48,11,12
13/04/2018,Friday,5,25,34,48,50,6,7
17/04/2018,Tuesday,15,27,33,39,50,4,6
20/04/2018,Friday,3,16,25,39,44,7,11
24/04/2018,Tuesday,20,23,28,30,44,3,7
27/04/2018,Friday,12,24,40,41,46,5,12
01/05/2018,Tuesday,6,15,17,42,48,4,6
04/05/2018,Friday,6,12,23,39,45,9,12
08/05/2018,Tuesday,17,25,35,39,44,2,5
11/05/2018,Friday,3,22,34,49,50,8,11
15/05/2018,Tuesday,4,16,20,31,39,2,12
18/05/2018,Friday,5,8,10,13,31,3,6
22/05/2018,Tuesday,1,11,37,41,48,8,12
25/05/2018,Friday,13,15,16,28,41,4,5
29/05/2018,Tuesday,6,11,20,38,43,2,4
01/06/2018,Friday,17,18,24,29,40,4,5
05/06/2018,Tuesday,9,15,22,39,46,4,5
08/06/2018,Friday,8,19,32,43,46,2,8
12/06/2018,Tuesday,7,21,23,36,38,6,8
15/06/2018,Friday,23,26,33,38,49,1,12
19/06/2018,Tuesday,7,19,26,42,50,4,9
22/06/2018,Friday,14,25,39,41,44,2,8
26/06/2018,Tuesday,15,16,20,34,50,4,7
29/06/2018,Friday,15,21,23,40,48,3,12
03/07/2018,Tuesday,1,12,15,29,48,3,5
06/07/2018,Friday,8,30,33,38,48,2,10
10/07/2018,Tuesday,3,8,26,33,45,7,10
13/07/2018,Friday,1,4,14,21,49,2,12
17/07/2018,Tuesday,4,6,27,48,50,1,11
20/07/2018,Friday,2,15,40,43,46,3,6
24/07/2018,Tuesday,2,4,23,39,40,3,9
27/07/2018,Friday,11,17,22,23,41,6,11
31/07/2018,Tuesday,20,25,34,42,45,6,11
03/08/2018,Friday,7,26,36,38,43,6,12
07/08/2018,Tuesday,16,28,29,30,36,8,10
10/08/2018,Friday,18,20,36,43,44,3,9
14/08/2018,Tuesday,1,15,18,25,31,9,11
17/08/2018,Friday,2,15,18,24,43,8,12
21/08/2018,Tuesday,16,23,42,43,49,10,12
24/08/2018,Friday,3,14,31,36,50,1,12
28/08/2018,Tuesday,4,16,32,42,46,8,12
31/08/2018,Friday,4,30,31,38,42,4,6
04/09/2018,Tuesday,5,14,28,30,47,4,11
07/09/2018,Friday,4,23,27,31,50,1,8
11/09/2018,Tuesday,9,18,32,38,46,2,3
14/09/2018,Friday,1,3,33,40,45,3,4
18/09/2018,Tuesday,3,8,10,32,45,4,12
21/09/2018,Friday,5,7,21,25,37,3,4
25/09/2018,Tuesday,6,15,20,30,38,4,7
28/09/2018,Friday,2,4,8,27,50,2,9
02/10/2018,Tuesday,7,17,29,37,45,3,11
05/10/2018,Friday,8,16,24,26,35,3,11
09/10/2018,Tuesday,3,12,36,44,45,8,11
12/10/2018,Friday,4,9,12,31,43,5,8
16/10/2018,Tuesday,15,28,37,40,42,1,6
19/10/2018,Friday,1,3,29,47,48,3,12
23/10/2018,Tuesday,1,2,5,21,32,2,12
26/10/2018,Friday,5,18,21,31,35,6,9
30/10/2018,Tuesday,17,23,27,43,44,1,12
02/11/2018,Friday,5,15,17,37,44,7,11
06/11/2018,Tuesday,14,24,36,40,43,2,9
09/11/2018,Friday,14,17,32,37,49,11,12
13/11/2018,Tuesday,2,7,10,13,42,3,6
16/11/2018,Friday,9,10,13,28,41,1,12
20/11/2018,Tuesday,6,19,39,45,48,7,12
23/11/2018,Friday,5,8,25,26,30,3,10
27/11/2018,Tuesday,4,16,17,18,32,2,11
30/11/2018,Friday,3,10,12,23,26,1,12
04/12/2018,Tuesday,19,20,21,42,45,8,9
07/12/2018,Friday,11,17,26,37,48,1,10
11/12/2018,Tuesday,4,7,13,23,42,1,3
14/12/2018,Friday,12,29,38,42,44,2,12
18/12/2018,Tuesday,1,9,18,39,48,5,7
21/12/2018,Friday,2,12,15,34,50,3,4
25/12/2018,Tuesday,4,5,8,31,43,2,9
28/12/2018,Friday,13,16,34,35,45,10,12
01/01/2019,Tuesday,1,8,11,25,28,4,6
04/01/2019,Friday,7,11,19,27,37,6,10
08/01/2019,Tuesday,3,19,22,31,32,2,11
11/01/2019,Friday,1,19,31,39,48,1,6
15/01/2019,Tuesday,22,25,29,33,35,3,6
18/01/2019,Friday,5,6,16,30,46,5,10
22/01/2019,Tuesday,9,23,29,41,49,8,10
25/01/2019,Friday,1,6,13,15,16,6,10
29/01/2019,Tuesday,14,24,26,32,39,3,8
01/02/2019,Friday,3,21,26,41,46,1,6
05/02/2019,Tuesday,14,25,31,37,43,2,3
08/02/2019,Friday,11,12,13,39,46,7,10
12/02/2019,Tuesday,6,34,36,41,50,1,5
15/02/2019,Friday,15,27,34,38,49,2,10
19/02/2019,Tuesday,1,8,18,19,39,7,9
22/02/2019,Friday,3,27,29,33,50,3,7
26/02/2019,Tuesday,3,15,29,35,47,3,4
01/03/2019,Friday,6,9,19,26,31,11,12
05/03/2019,Tuesday,6,10,16,39,46,8,11
08/03/2019,Friday,17,18,19,24,40,4,8
12/03/2019,Tuesday,5,7,13,19,31,2,9
15/03/2019,Friday,3,15,24,42,46,9,12
19/03/2019,Tuesday,1,6,9,34,47,7,12
22/03/2019,Friday,4,17,26,30,43,6,11
26/03/2019,Tuesday,12,19,23,43,47,2,6
29/03/2019,Friday,13,23,26,32,47,6,10
02/04/2019,Tuesday,2,9,16,26,36,6,7
05/04/2019,Friday,1,7,10,29,45,3,5
09/04/2019,Tuesday,18,21,29,38,41,1,11
12/04/2019,Friday,1,28,35,36,46,6,9
16/04/2019,Tuesday,1,8,15,44,49,2,11
19/04/2019,Friday,7,8,32,41,49,5,11
23/04/2019,Tuesday,18,23,27,42,44,2,7
26/04/2019,Friday,14,33,35,47,50,9,11
30/04/2019,Tuesday,5,12,20,26,48,2,11
03/05/2019,Friday,2,9,20,27,43,5,6
07/05/2019,Tuesday,7,20,26,32,47,2,11
10/05/2019,Friday,1,4,27,45,48,1,7
14/05/2019,Tuesday,10,14,17,25,50,2,10
17/05/2019,Friday,16,28,42,43,45,6,7
21/05/2019,Tuesday,32,33,34,39,47,8,12
24/05/2019,Friday,5,16,23,30,49,6,7
28/05/2019,Tuesday,7,19,20,28,29,1,5
31/05/2019,Friday,1,23,24,26,35,1,11
04/06/2019,Tuesday,9,31,32,39,41,2,8
07/06/2019,Friday,1,4,16,20,34,2,5
11/06/2019,Tuesday,25,27,39,42,46,11,12
14/06/2019,Friday,1,13,30,31,39,2,7
18/06/2019,Tuesday,12,24,37,40,44,3,7
21/06/2019,Friday,5,8,9,25,39,3,7
25/06/2019,Tuesday,6,26,27,34,46,1,9
28/06/2019,Friday,1,3,16,33,49,2,11
02/07/2019,Tuesday,11,19,29,44,45,8,12
05/07/2019,Friday,2,9,20,34,42,6,9
09/07/2019,Tuesday,7,29,32,36,41,6,7
12/07/2019,Friday,2,31,39,45,47,4,8
16/07/2019,Tuesday,3,5,13,18,39,7,8
19/07/2019,Friday,13,14,17,26,28,2,7
23/07/2019,Tuesday,1,14,19,23,38,3,7
26/07/2019,Friday,2,5,27,37,42,3,10
30/07/2019,Tuesday,15,20,23,27,40,3,6
02/08/2019,Friday,13,22,33,44,50,2,5
06/08/2019,Tuesday,12,13,29,36,38,4,12
09/08/2019,Friday,2,14,35,41,42,10,11
13/08/2019,Tuesday,13,29,31,33,40,2,3
16/08/2019,Friday,9,10,27,37,42,1,5
20/08/2019,Tuesday,20,22,23,24,37,1,4
23/08/2019,Friday,4,17,35,42,45,2,8
27/08/2019,Tuesday,8,26,35,43,47,1,9
30/08/2019,Friday,25,27,45,46,49,4,6
03/09/2019,Tuesday,7,11,38,39,44,7,10
06/09/2019,Friday,10,13,22,40,48,2,5
10/09/2019,Tuesday,3,22,25,30,49,3,6
13/09/2019,Friday,1,12,27,42,47,6,7
17/09/2019,Tuesday,22,37,43,44,45,1,12
20/09/2019,Friday,8,21,25,38,50,4,8
24/09/2019,Tuesday,2,33,42,47,48,1,2
27/09/2019,Friday,24,37,41,43,46,2,8
01/10/2019,Tuesday,2,11,18,40,46,1,4
04/10/2019,Friday,6,9,35,41,44,6,9
08/10/2019,Tuesday,7,10,15,44,49,3,12
11/10/2019,Friday,2,14,19,42,45,5,6
15/10/2019,Tuesday,3,28,31,32,34,4,5
18/10/2019,Friday,8,18,22,41,42,11,12
22/10/2019,Tuesday,2,5,32,33,47,7,8
25/10/2019,Friday,34,37,39,40,50,4,10
29/10/2019,Tuesday,16,18,28,42,49,5,10
01/11/2019,Friday,2,20,39,44,48,5,7
05/11/2019,Tuesday,9,14,25,33,48,2,12
08/11/2019,Friday,8,17,20,23,45,2,8
12/11/2019,Tuesday,1,21,23,25,39,2,4
15/11/2019,Friday,3,13,20,32,34,4,11
19/11/2019,Tuesday,8,10,15,30,42,4,6
22/11/2019,Friday,3,21,32,34,48,3,11
26/11/2019,Tuesday,2,3,15,19,34,5,8
29/11/2019,Friday,3,7,12,42,50,6,8
03/12/2019,Tuesday,18,31,32,38,48,4,12
06/12/2019,Friday,1,3,27,39,46,1,10
10/12/2019,Tuesday,2,10,19,21,47,2,8
13/12/2019,Friday,9,16,18,23,32,2,10
17/12/2019,Tuesday,1,7,12,25,49,6,9
20/12/2019,Friday,8,24,30,32,34,3,4
24/12/2019,Tuesday,3,11,13,14,47,3,6
27/12/2019,Friday,1,7,22,26,35,5,10
31/12/2019,Tuesday,26,31,33,41,48,2,4
03/01/2020,Friday,5,15,20,36,47,8,12
07/01/2020,Tuesday,5,8,12,37,43,6,11
10/01/2020,Friday,6,17,32,44,46,2,6
14/01/2020,Tuesday,21,25,29,39,44,8,9
17/01/2020,Friday,8,19,20,29,44,3,8
21/01/2020,Tuesday,10,11,24,36,46,3,5
24/01/2020,Friday,3,4,6,9,24,5,8
28/01/2020,Tuesday,1,19,27,31,38,4,5
31/01/2020,Friday,13,18,20,23,30,2,4
04/02/2020,Tuesday,21,23,33,35,47,6,7
07/02/2020,Friday,9,15,17,25,40,3,9
11/02/2020,Tuesday,24,26,32,43,46,6,10
14/02/2020,Friday,5,20,35,41,49,6,10
18/02/2020,Tuesday,11,32,34,38,47,2,10
21/02/2020,Friday,7,23,30,32,45,5,9
25/02/2020,Tuesday,1,4,18,27,42,4,6
28/02/2020,Friday,8,11,20,22,23,3,4
03/03/2020,Tuesday,4,14,27,44,45,1,10
06/03/2020,Friday,15,38,43,45,46,1,11
10/03/2020,Tuesday,11,23,30,37,43,5,12
13/03/2020,Friday,3,11,21,27,36,9,10
17/03/2020,Tuesday,5,7,8,16,20,2,12
20/03/2020,Friday,3,9,20,34,40,6,12
24/03/2020,Tuesday,7,12,26,30,33,10,11
27/03/2020,Friday,11,14,27,41,46,2,3
31/03/2020,Tuesday,12,17,24,30,36,1,9
03/04/2020,Friday,16,19,34,46,50,2,6
07/04/2020,Tuesday,4,5,14,33,48,7,12
10/04/2020,Friday,3,10,17,33,39,1,4
14/04/2020,Tuesday,6,29,34,35,40,4,11
17/04/2020,Friday,16,28,32,37,45,1,11
21/04/2020,Tuesday,10,11,14,23,28,6,8
24/04/2020,Friday,1,5,19,21,28,4,7
28/04/2020,Tuesday,15,23,26,28,32,1,5
01/05/2020,Friday,19,20,38,45,47,2,6
05/05/2020,Tuesday,2,10,22,27,41,2,3
08/05/2020,Friday,8,25,32,33,38,7,9
12/05/2020,Tuesday,9,16,29,37,39,4,11
15/05/2020,Friday,11,23,32,34,39,1,6
19/05/2020,Tuesday,5,25,32,37,43,6,7
22/05/2020,Friday,3,18,22,27,32,2,7
26/05/2020,Tuesday,4,9,14,21,27,4,6
29/05/2020,Friday,4,8,11,19,46,4,8
02/06/2020,Tuesday,10,12,22,26,49,7,11
05/06/2020,Friday,5,11,17,24,37,3,6
09/06/2020,Tuesday,5,15,27,36,46,2,8
12/06/2020,Friday,2,24,39,45,46,4,8
16/06/2020,Tuesday,4,9,11,17,39,2,10
19/06/2020,Friday,5,14,19,24,43,3,11
23/06/2020,Tuesday,2,12,19,46,49,1,8
26/06/2020,Friday,1,10,12,21,26,5,11
30/06/2020,Tuesday,1,6,11,28,42,2,10
03/07/2020,Friday,4,16,27,37,39,3,6
07/07/2020,Tuesday,12,16,23,33,41,8,10
10/07/2020,Friday,15,17,23,30,38,2,7
14/07/2020,Tuesday,11,22,30,37,47,9,10
17/07/2020,Friday,7,15,27,41,43,7,9
21/07/2020,Tuesday,14,15,24,29,42,2,4
24/07/2020,Friday,8,9,27,28,50,4,12
28/07/2020,Tuesday,9,13,15,17,34,2,7
31/07/2020,Friday,21,24,30,46,49,2,5
04/08/2020,Tuesday,1,2,5,15,42,5,8
07/08/2020,Friday,5,20,21,36,41,6,11
11/08/2020,Tuesday,8,13,14,42,50,3,9
14/08/2020,Friday,9,10,19,42,49,4,12
18/08/2020,Tuesday,6,12,17,34,42,5,12
21/08/2020,Friday,10,15,35,44,50,3,5
25/08/2020,Tuesday,7,18,30,37,39,8,10
28/08/2020,Friday,7,12,16,17,31,7,9
01/09/2020,Tuesday,4,8,10,33,46,8,11
04/09/2020,Friday,6,22,29,40,43,4,7
08/09/2020,Tuesday,2,9,31,35,41,9,12
11/09/2020,Friday,34,38,42,43,45,9,12
15/09/2020,Tuesday,16,20,25,30,38,6,8
18/09/2020,Friday,2,10,19,25,45,1,7
22/09/2020,Tuesday,16,25,28,39,40,1,6
25/09/2020,Friday,19,23,34,37,45,1,7
29/09/2020,Tuesday,4,14,16,41,44,11,12
02/10/2020,Friday,6,12,15,40,45,3,9
06/10/2020,Tuesday,4,21,36,41,47,9,11
09/10/2020,Friday,11,15,35,41,50,5,8
13/10/2020,Tuesday,5,14,38,41,46,1,10
16/10/2020,Friday,15,33,38,40,50,3,6
20/10/2020,Tuesday,5,6,15,37,42,3,4
23/10/2020,Friday,10,15,19,21,23,3,12
27/10/2020,Tuesday,13,15,28,32,44,3,12
30/10/2020,Friday,12,16,20,21,28,3,9
03/11/2020,Tuesday,5,7,18,20,30,6,7
06/11/2020,Friday,7,12,37,40,50,1,2
10/11/2020,Tuesday,3,19,29,32,38,5,12
13/11/2020,Friday,1,5,17,28,31,1,10
17/11/2020,Tuesday,16,19,25,30,44,2,6
20/11/2020,Friday,28,29,39,48,50,5,7
24/11/2020,Tuesday,25,33,38,42,50,8,12
27/11/2020,Friday,2,5,8,14,16,8,9
01/12/2020,Tuesday,14,20,29,47,49,4,12
04/12/2020,Friday,14,20,27,34,38,1,11
08/12/2020,Tuesday,1,4,21,24,46,2,12
11/12/2020,Friday,6,9,13,24,41,3,12
15/12/2020,Tuesday,9,13,21,29,35,1,2
18/12/2020,Friday,2,3,13,17,21,7,8
22/12/2020,Tuesday,2,10,16,42,50,4,11
25/12/2020,Friday,16,21,27,30,32,3,5
29/12/2020,Tuesday,7,32,39,40,45,3,8
01/01/2021,Friday,16,28,32,44,48,1,9
05/01/2021,Tuesday,12,34,37,38,42,1,3
08/01/2021,Friday,18,23,37,41,42,4,6
12/01/2021,Tuesday,2,10,18,34,35,6,9
15/01/2021,Friday,4,10,27,38,40,3,11
19/01/2021,Tuesday,25,27,31,35,43,5,6
22/01/2021,Friday,8,16,42,44,47,6,7
26/01/2021,Tuesday,5,7,25,37,40,2,8
29/01/2021,Friday,1,5,27,36,42,1,6
02/02/2021,Tuesday,18,20,35,38,48,9,12
05/02/2021,Friday,12,19,37,44,45,2,6
09/02/2021,Tuesday,5,10,24,31,37,9,10
12/02/2021,Friday,7,23,30,32,36,8,12
16/02/2021,Tuesday,5,9,25,29,30,6,7
19/02/2021,Friday,4,12,25,46,48,7,12
23/02/2021,Tuesday,9,18,30,39,45,1,3
26/02/2021,Friday,6,12,22,29,33,6,11
02/03/2021,Tuesday,2,19,24,26,49,6,7
05/03/2021,Friday,4,5,39,46,48,7,10
09/03/2021,Tuesday,1,16,21,32,33,11,12
12/03/2021,Friday,4,6,9,11,44,10,11
16/03/2021,Tuesday,23,25,32,35,47,2,6
19/03/2021,Friday,3,9,35,43,44,1,10
23/03/2021,Tuesday,2,26,29,36,49,3,9
26/03/2021,Friday,10,12,37,49,50,3,8
30/03/2021,Tuesday,24,27,28,29,42,4,8
02/04/2021,Friday,4,21,34,40,47,2,5
06/04/2021,Tuesday,2,21,37,38,50,7,8
09/04/2021,Friday,2,8,32,35,44,8,11
13/04/2021,Tuesday,16,20,31,47,50,2,8
16/04/2021,Friday,6,11,29,40,48,5,9
20/04/2021,Tuesday,5,17,28,41,46,10,11
23/04/2021,Friday,3,14,15,19,29,2,8
27/04/2021,Tuesday,13,14,24,35,49,1,10
30/04/2021,Friday,1,16,24,28,46,2,11
04/05/2021,Tuesday,3,10,13,28,46,4,11
07/05/2021,Friday,14,22,33,38,47,8,9
11/05/2021,Tuesday,14,25,34,43,46,5,6
14/05/2021,Friday,6,16,18,29,38,6,11
18/05/2021,Tuesday,5,13,38,39,40,4,12
21/05/2021,Friday,2,9,13,15,35,3,10
25/05/2021,Tuesday,1,21,26,30,38,2,8
28/05/2021,Friday,11,13,16,34,40,1,12
01/06/2021,Tuesday,3,10,26,35,44,6,7
04/06/2021,Friday,7,20,36,40,46,2,4
08/06/2021,Tuesday,2,11,26,36,47,7,9
11/06/2021,Friday,9,17,21,33,39,7,11
15/06/2021,Tuesday,11,21,26,30,31,2,3
18/06/2021,Friday,11,20,27,30,41,3,5
22/06/2021,Tuesday,6,24,26,27,41,3,8
25/06/2021,Friday,1,29,30,33,36,3,12
29/06/2021,Tuesday,6,12,20,24,48,5,6
02/07/2021,Friday,9,14,29,38,49,7,10
06/07/2021,Tuesday,2,5,21,27,42,9,11
09/07/2021,Friday,6,19,36,37,49,4,11
13/07/2021,Tuesday,5,6,8,11,22,3,4
16/07/2021,Friday,5,16,42,47,49,3,11
20/07/2021,Tuesday,3,12,19,41,48,6,9
23/07/2021,Friday,23,24,26,34,50,2,4
27/07/2021,Tuesday,5,9,19,21,25,10,12
30/07/2021,Friday,10,23,33,35,37,5,10
03/08/2021,Tuesday,17,21,23,45,46,7,11
06/08/2021,Friday,7,14,21,26,32,4,12
10/08/2021,Tuesday,9,37,47,48,49,2,7
13/08/2021,Friday,6,12,44,47,49,8,12
17/08/2021,Tuesday,12,31,41,42,47,4,6
20/08/2021,Friday,3,9,19,20,23,9,11
24/08/2021,Tuesday,19,21,36,44,50,3,10
27/08/2021,Friday,2,3,31,46,50,8,12
31/08/2021,Tuesday,5,13,17,32,43,2,10
03/09/2021,Friday,5,7,13,29,35,3,7
07/09/2021,Tuesday,7,19,35,42,43,7,9
10/09/2021,Friday,1,6,7,18,28,2,8
14/09/2021,Tuesday,12,18,35,38,45,2,8
17/09/2021,Friday,5,7,8,10,34,1,9
21/09/2021,Tuesday,20,25,26,30,38,2,8
24/09/2021,Friday,2,12,20,27,41,10,12
28/09/2021,Tuesday,6,7,12,33,39,1,7
01/10/2021,Friday,1,15,19,26,48,6,12
05/10/2021,Tuesday,11,13,14,36,45,7,9
08/10/2021,Friday,1,10,23,42,46,3,5
12/10/2021,Tuesday,6,13,22,45,49,10,11
15/10/2021,Friday,21,26,31,34,49,2,5
19/10/2021,Tuesday,4,20,36,40,41,1,6
22/10/2021,Friday,12,17,22,33,39,2,12
26/10/2021,Tuesday,12,15,20,42,44,1,2
29/10/2021,Friday,10,15,28,32,49,3,9
02/11/2021,Tuesday,2,3,17,29,43,1,4
05/11/2021,Friday,2,12,25,30,41,8,11
09/11/2021,Tuesday,17,25,26,33,36,1,8
12/11/2021,Friday,2,9,15,47,50,6,9
16/11/2021,Tuesday,9,19,21,32,36,3,4
19/11/2021,Friday,22,26,38,47,50,2,6
23/11/2021,Tuesday,17,21,36,42,46,7,10
26/11/2021,Friday,1,20,41,42,50,3,7
30/11/2021,Tuesday,19,20,26,33,43,1,4
03/12/2021,Friday,21,22,29,32,46,9,10
07/12/2021,Tuesday,22,31,38,46,47,7,11
10/12/2021,Friday,11,21,33,38,42,2,8
14/12/2021,Tuesday,19,21,37,47,48,3,6
17/12/2021,Friday,1,2,15,30,35,2,7
21/12/2021,Tuesday,12,17,21,34,38,2,3
24/12/2021,Friday,2,26,28,34,41,5,10
28/12/2021,Tuesday,4,6,15,17,29,9,12
31/12/2021,Friday,7,22,25,43,49,6,7
04/01/2022,Tuesday,18,28,35,36,41,6,11
07/01/2022,Friday,2,14,37,44,50,7,11
11/01/2022,Tuesday,4,23,32,33,44,9,12
14/01/2022,Friday,6,17,25,31,46,9,12
18/01/2022,Tuesday,3,12,19,24,30,2,5
21/01/2022,Friday,5,14,35,36,39,7,12
25/01/2022,Tuesday,6,16,18,39,47,2,4
28/01/2022,Friday,10,25,29,34,45,9,10
01/02/2022,Tuesday,1,19,36,38,49,6,9
04/02/2022,Friday,3,25,38,43,49,3,7
08/02/2022,Tuesday,6,20,34,37,43,7,10
11/02/2022,Friday,13,18,38,42,45,7,11
15/02/2022,Tuesday,9,20,31,33,44,2,12
18/02/2022,Friday,25,38,41,43,50,6,10
22/02/2022,Tuesday,5,9,14,26,32,3,7
25/02/2022,Friday,10,13,24,30,42,1,5
01/03/2022,Tuesday,8,24,26,39,42,3,5
04/03/2022,Friday,6,20,40,42,43,10,12
08/03/2022,Tuesday,12,18,21,25,31,2,9
11/03/2022,Friday,12,19,22,23,48,2,6
15/03/2022,Tuesday,1,2,12,19,26,2,8
18/03/2022,Friday,1,9,14,17,43,6,12
22/03/2022,Tuesday,7,17,21,29,40,8,11
25/03/2022,Friday,6,10,24,27,29,5,12
29/03/2022,Tuesday,8,11,33,42,43,6,11
01/04/2022,Friday,2,7,21,31,45,4,10
05/04/2022,Tuesday,1,11,13,24,49,5,6
08/04/2022,Friday,1,15,16,38,45,4,11
12/04/2022,Tuesday,21,30,31,35,47,2,10
15/04/2022,Friday,6,24,30,32,48,5,6
19/04/2022,Tuesday,2,12,17,28,46,6,10
22/04/2022,Friday,6,11,21,35,36,1,9
26/04/2022,Tuesday,4,25,28,34,45,8,11
29/04/2022,Friday,10,11,20,36,37,3,7
03/05/2022,Tuesday,8,20,26,47,48,3,8
06/05/2022,Friday,3,8,18,24,40,3,11
10/05/2022,Tuesday,3,25,27,28,29,4,9
13/05/2022,Friday,3,11,17,45,48,4,8
17/05/2022,Tuesday,5,28,30,48,49,5,11
20/05/2022,Friday,8,22,23,32,50,3,9
24/05/2022,Tuesday,10,13,27,36,37,2,10
27/05/2022,Friday,15,23,28,34,48,3,5
31/05/2022,Tuesday,3,10,13,42,49,3,9
03/06/2022,Friday,12,28,29,34,48,9,11
07/06/2022,Tuesday,6,16,17,25,31,2,6
10/06/2022,Friday,17,26,36,37,40,9,12
14/06/2022,Tuesday,2,7,27,34,40,3,11
17/06/2022,Friday,19,21,22,31,38,7,11
21/06/2022,Tuesday,6,23,36,39,47,8,10
24/06/2022,Friday,10,17,28,44,50,8,12
28/06/2022,Tuesday,10,35,42,47,48,2,11
01/07/2022,Friday,6,18,24,34,46,3,12
05/07/2022,Tuesday,7,10,25,45,48,3,6
08/07/2022,Friday,28,31,35,43,46,4,7
12/07/2022,Tuesday,14,18,24,25,50,6,11
15/07/2022,Friday,9,17,29,38,39,7,10
19/07/2022,Tuesday,6,23,27,40,41,2,12
22/07/2022,Friday,16,18,29,32,50,4,11
26/07/2022,Tuesday,3,5,17,25,27,1,9
29/07/2022,Friday,3,23,38,43,48,3,8
02/08/2022,Tuesday,7,18,28,40,48,8,11
05/08/2022,Friday,3,29,33,35,44,8,10
09/08/2022,Tuesday,18,19,21,27,47,5,11
12/08/2022,Friday,14,17,34,35,42,6,10
16/08/2022,Tuesday,10,14,25,32,39,7,8
19/08/2022,Friday,2,9,13,19,38,2,6
23/08/2022,Tuesday,19,26,31,39,48,2,3
26/08/2022,Friday,22,23,25,38,44,11,12
30/08/2022,Tuesday,4,6,10,15,19,1,4
02/09/2022,Friday,7,12,13,20,45,3,12
06/09/2022,Tuesday,7,10,22,29,44,4,5
09/09/2022,Friday,17,23,24,26,27,4,9
13/09/2022,Tuesday,9,12,15,40,47,1,11
16/09/2022,Friday,10,27,36,45,49,3,4
20/09/2022,Tuesday,11,21,23,32,48,3,12
23/09/2022,Friday,14,15,22,35,48,3,8
27/09/2022,Tuesday,4,20,21,34,44,1,3
30/09/2022,Friday,1,2,11,16,26,3,12
04/10/2022,Tuesday,3,18,28,42,43,3,12
07/10/2022,Friday,26,27,42,45,50,1,12
11/10/2022,Tuesday,8,23,32,35,40,1,8
14/10/2022,Friday,24,28,29,34,48,3,7
18/10/2022,Tuesday,3,5,13,42,48,1,6
21/10/2022,Friday,25,26,28,38,40,1,6
25/10/2022,Tuesday,7,24,34,39,46,1,6
28/10/2022,Friday,14,16,21,28,35,1,11
01/11/2022,Tuesday,19,37,42,47,48,1,6
04/11/2022,Friday,2,11,37,45,47,2,3
08/11/2022,Tuesday,3,5,32,33,50,1,8
11/11/2022,Friday,2,19,24,25,44,2,10
15/11/2022,Tuesday,13,21,24,31,33,1,12
18/11/2022,Friday,13,16,19,35,41,1,11
22/11/2022,Tuesday,21,22,24,29,42,3,11
25/11/2022,Friday,19,21,35,37,39,2,6
29/11/2022,Tuesday,15,20,24,35,38,8,12
02/12/2022,Friday,12,21,35,39,45,6,11
06/12/2022,Tuesday,12,20,25,26,27,8,12
09/12/2022,Friday,8,27,31,46,50,1,3
13/12/2022,Tuesday,3,9,12,26,30,10,11
16/12/2022,Friday,2,15,19,35,44,2,7
20/12/2022,Tuesday,1,11,17,20,27,4,5
23/12/2022,Friday,16,17,23,26,35,5,11
27/12/2022,Tuesday,19,31,33,34,43,3,5
30/12/2022,Friday,17,34,42,47,48,1,9
03/01/2023,Tuesday,20,21,29,45,46,3,10
06/01/2023,Friday,16,31,35,44,45,4,12
10/01/2023,Tuesday,11,13,34,40,42,3,10
13/01/2023,Friday,4,13,25,33,37,5,10
17/01/2023,Tuesday,18,21,30,46,50,2,6
20/01/2023,Friday,3,6,13,40,42,7,11
24/01/2023,Tuesday,11,27,41,43,47,7,11
27/01/2023,Friday,8,9,15,19,31,10,12
31/01/2023,Tuesday,7,12,19,33,43,3,7
03/02/2023,Friday,2,14,17,32,45,3,10
07/02/2023,Tuesday,2,8,34,44,47,3,9
10/02/2023,Friday,3,13,25,36,47,3,8
14/02/2023,Tuesday,24,26,38,43,46,2,3
17/02/2023,Friday,8,23,27,42,45,1,9
21/02/2023,Tuesday,21,22,34,41,49,2,7
24/02/2023,Friday,7,23,34,42,48,1,3
28/02/2023,Tuesday,12,29,33,37,47,5,10
03/03/2023,Friday,3,6,8,24,50,10,11
07/03/2023,Tuesday,11,13,24,35,50,6,11
10/03/2023,Friday,9,16,37,38,48,2,7
14/03/2023,Tuesday,16,26,28,31,46,11,12
17/03/2023,Friday,5,15,26,37,49,8,11
21/03/2023,Tuesday,1,9,20,29,32,2,3
24/03/2023,Friday,5,12,25,36,46,6,10
28/03/2023,Tuesday,16,21,34,36,44,9,10
31/03/2023,Friday,16,18,28,34,47,5,10
04/04/2023,Tuesday,10,16,31,33,50,3,8
07/04/2023,Friday,5,26,28,36,46,6,12
11/04/2023,Tuesday,10,14,16,19,29,2,10
14/04/2023,Friday,4,11,37,44,49,6,7
18/04/2023,Tuesday,17,21,23,35,37,10,11
21/04/2023,Friday,7,8,18,33,42,2,8
25/04/2023,Tuesday,10,29,30,40,45,1,12
28/04/2023,Friday,11,13,16,23,34,1,10
02/05/2023,Tuesday,7,32,44,47,48,7,8
05/05/2023,Friday,3,8,18,34,49,3,7
09/05/2023,Tuesday,13,17,21,28,46,7,9
12/05/2023,Friday,9,10,13,39,44,4,6
16/05/2023,Tuesday,4,6,9,14,37,4,11
19/05/2023,Friday,18,27,34,41,49,3,9
23/05/2023,Tuesday,5,6,14,23,34,2,11
26/05/2023,Friday,15,25,37,38,41,1,7
30/05/2023,Tuesday,27,29,32,33,47,2,8
02/06/2023,Friday,3,12,15,25,43,10,11
06/06/2023,Tuesday,13,21,32,39,50,2,10
09/06/2023,Friday,18,26,36,41,50,11,12
13/06/2023,Tuesday,15,16,21,41,50,5,6
16/06/2023,Friday,7,26,34,41,44,9,11
20/06/2023,Tuesday,11,17,28,32,35,5,6
23/06/2023,Friday,1,3,11,33,46,10,11
27/06/2023,Tuesday,17,22,23,27,44,1,7
30/06/2023,Friday,1,6,25,29,36,7,10
04/07/2023,Tuesday,14,17,23,36,44,2,8
07/07/2023,Friday,2,11,12,19,38,4,8
11/07/2023,Tuesday,2,11,28,42,48,4,9
14/07/2023,Friday,5,8,29,35,48,5,6
18/07/2023,Tuesday,4,12,34,35,45,1,9
21/07/2023,Friday,7,31,33,35,36,7,10
25/07/2023,Tuesday,5,7,11,27,37,6,12
28/07/2023,Friday,7,32,33,34,38,6,9
01/08/2023,Tuesday,25,27,35,40,45,7,11
04/08/2023,Friday,15,20,31,44,48,1,3
08/08/2023,Tuesday,8,9,33,35,40,3,6
11/08/2023,Friday,4,6,10,13,34,3,5
15/08/2023,Tuesday,3,5,9,32,43,6,10
18/08/2023,Friday,23,25,30,44,47,9,12
22/08/2023,Tuesday,2,9,23,32,40,6,7
25/08/2023,Friday,16,17,34,35,44,5,10
29/08/2023,Tuesday,21,23,32,40,49,8,11
01/09/2023,Friday,4,5,35,37,43,5,6
05/09/2023,Tuesday,1,7,24,41,48,10,12
08/09/2023,Friday,10,20,21,26,33,3,4
12/09/2023,Tuesday,5,14,36,40,42,2,11
15/09/2023,Friday,12,14,21,45,48,8,11
19/09/2023,Tuesday,10,15,31,41,42,2,5
22/09/2023,Friday,3,23,24,34,35,5,8
26/09/2023,Tuesday,2,6,14,19,23,5,7
29/09/2023,Friday,9,11,13,21,32,2,7
03/10/2023,Tuesday,6,20,22,24,45,4,5
06/10/2023,Friday,21,29,31,34,43,2,9
10/10/2023,Tuesday,18,20,22,33,43,3,9
13/10/2023,Friday,21,26,28,40,41,2,4
17/10/2023,Tuesday,10,17,20,35,40,3,4
20/10/2023,Friday,2,20,28,40,45,1,5
24/10/2023,Tuesday,8,16,18,31,34,6,9
27/10/2023,Friday,29,33,35,48,49,3,8
31/10/2023,Tuesday,5,7,20,40,50,2,10
03/11/2023,Friday,8,21,31,39,47,5,9
07/11/2023,Tuesday,8,10,11,30,39,4,10
10/11/2023,Friday,10,21,30,38,42,2,12
14/11/2023,Tuesday,13,16,36,44,50,3,5
17/11/2023,Friday,2,24,26,46,50,2,7
21/11/2023,Tuesday,19,29,34,46,47,2,3
24/11/2023,Friday,15,20,29,39,48,1,7
28/11/2023,Tuesday,12,16,27,33,44,7,8
01/12/2023,Friday,4,10,14,38,50,9,12
05/12/2023,Tuesday,4,6,20,24,25,5,9
08/12/2023,Friday,17,30,42,48,50,4,8
12/12/2023,Tuesday,6,28,37,39,43,9,12
15/12/2023,Friday,2,13,37,38,48,5,9
19/12/2023,Tuesday,10,20,41,43,45,2,12
22/12/2023,Friday,6,14,34,44,49,4,12
26/12/2023,Tuesday,8,27,30,35,47,9,10
29/12/2023,Friday,2,3,19,36,37,6,9
02/01/2024,Tuesday,7,15,18,46,49,10,12
05/01/2024,Friday,4,7,18,39,50,3,8
09/01/2024,Tuesday,2,9,12,39,40,1,3
12/01/2024,Friday,16,17,18,45,49,9,12
16/01/2024,Tuesday,10,18,21,33,45,8,12
19/01/2024,Friday,27,28,44,48,50,7,12
23/01/2024,Tuesday,14,23,39,48,50,3,12
26/01/2024,Friday,8,19,32,41,42,9,12
30/01/2024,Tuesday,5,10,19,27,30,5,6
02/02/2024,Friday,13,20,23,27,42,5,9
06/02/2024,Tuesday,2,7,21,28,45,5,11
09/02/2024,Friday,23,24,35,37,45,9,12
13/02/2024,Tuesday,13,17,18,20,46,4,9
16/02/2024,Friday,8,13,14,24,26,1,2
20/02/2024,Tuesday,23,31,37,42,48,3,7
23/02/2024,Friday,24,27,28,30,49,1,12
27/02/2024,Tuesday,3,4,9,12,20,5,6
01/03/2024,Friday,4,7,19,20,34,2,4
05/03/2024,Tuesday,2,15,17,23,36,3,8
08/03/2024,Friday,8,11,12,16,44,4,7
12/03/2024,Tuesday,13,19,30,38,46,4,12
15/03/2024,Friday,1,4,31,34,40,4,5
19/03/2024,Tuesday,7,16,18,20,32,1,3
22/03/2024,Friday,8,11,23,32,44,9,10
26/03/2024,Tuesday,2,13,14,26,29,5,6
29/03/2024,Friday,16,17,35,36,49,1,10
02/04/2024,Tuesday,1,23,31,36,48,5,8
05/04/2024,Friday,13,18,26,35,37,8,11
09/04/2024,Tuesday,19,23,26,27,46,2,10
12/04/2024,Friday,2,3,12,16,45,2,11
16/04/2024,Tuesday,22,29,31,39,46,3,7
19/04/2024,Friday,10,20,40,44,46,1,3
23/04/2024,Tuesday,6,9,11,32,49,2,10
26/04/2024,Friday,2,20,39,40,47,4,8
30/04/2024,Tuesday,13,22,24,33,47,1,5
03/05/2024,Friday,6,9,10,30,49,3,4
07/05/2024,Tuesday,35,36,41,42,45,6,11
10/05/2024,Friday,13,28,29,44,48,4,12
14/05/2024,Tuesday,2,8,17,28,35,7,9
17/05/2024,Friday,18,31,32,41,46,1,10
21/05/2024,Tuesday,11,13,14,34,48,7,9
24/05/2024,Friday,9,12,18,22,50,1,3
28/05/2024,Tuesday,16,18,35,36,41,6,7
31/05/2024,Friday,4,7,16,33,34,7,8
04/06/2024,Tuesday,6,7,9,14,43,3,4
07/06/2024,Friday,15,16,26,30,37,5,8
11/06/2024,Tuesday,7,15,34,45,48,7,9
14/06/2024,Friday,2,13,16,24,32,1,7
18/06/2024,Tuesday,3,11,33,34,36,1,12
21/06/2024,Friday,3,4,7,11,17,3,12
25/06/2024,Tuesday,14,16,37,45,49,5,7
28/06/2024,Friday,10,16,18,22,35,1,10
02/07/2024,Tuesday,2,7,34,35,46,6,8
05/07/2024,Friday,11,13,29,31,47,1,11
09/07/2024,Tuesday,6,15,19,28,39,7,11
12/07/2024,Friday,12,18,24,25,39,8,10
16/07/2024,Tuesday,2,32,35,36,39,7,8
19/07/2024,Friday,15,22,35,44,48,6,7
23/07/2024,Tuesday,4,8,10,16,34,4,8
26/07/2024,Friday,4,19,23,35,37,4,8
30/07/2024,Tuesday,9,25,28,37,38,2,8
02/08/2024,Friday,5,7,12,33,46,3,12
06/08/2024,Tuesday,1,18,27,41,50,2,12
09/08/2024,Friday,21,23,25,33,44,4,10
13/08/2024,Tuesday,15,16,39,40,47,1,6
16/08/2024,Friday,15,17,29,45,49,1,10
20/08/2024,Tuesday,7,10,13,18,26,3,12
23/08/2024,Friday,9,15,24,47,50,8,9
27/08/2024,Tuesday,1,8,11,42,47,4,11
30/08/2024,Friday,3,24,27,33,42,4,6
03/09/2024,Tuesday,7,9,11,16,45,2,5
06/09/2024,Friday,12,14,34,41,47,3,4
10/09/2024,Tuesday,6,29,46,47,48,2,9
13/09/2024,Friday,10,15,17,31,42,4,12
17/09/2024,Tuesday,20,30,32,41,44,1,10
20/09/2024,Friday,16,25,29,34,37,3,7
24/09/2024,Tuesday,18,20,21,36,49,3,5
27/09/2024,Friday,7,20,21,27,38,5,12
01/10/2024,Tuesday,8,22,29,41,42,9,11
04/10/2024,Friday,4,8,16,17,20,1,6
08/10/2024,Tuesday,7,14,19,34,40,6,8
11/10/2024,Friday,16,23,32,46,49,4,5
15/10/2024,Tuesday,2,15,32,36,48,3,9
18/10/2024,Friday,4,15,23,30,39,1,12
22/10/2024,Tuesday,3,13,27,30,46,1,2
25/10/2024,Friday,4,17,20,25,45,8,9
29/10/2024,Tuesday,1,2,19,30,45,10,12
01/11/2024,Friday,7,33,38,44,50,2,7
05/11/2024,Tuesday,1,8,19,37,50,6,9
08/11/2024,Friday,2,33,35,42,48,1,3
12/11/2024,Tuesday,10,11,12,22,50,1,10
15/11/2024,Friday,7,8,34,39,44,2,6
19/11/2024,Tuesday,4,13,20,28,49,7,12
22/11/2024,Friday,10,11,12,29,31,8,11
26/11/2024,Tuesday,7,11,25,31,40,9,12
29/11/2024,Friday,8,17,18,29,43,5,9
03/12/2024,Tuesday,23,25,34,46,47,6,8
06/12/2024,Friday,14,25,39,44,47,6,10
10/12/2024,Tuesday,5,24,25,29,47,5,9
13/12/2024,Friday,1,15,25,42,50,4,10
17/12/2024,Tuesday,1,3,4,21,29,2,7
20/12/2024,Friday,10,14,21,33,50,6,9
24/12/2024,Tuesday,6,10,16,23,24,11,12
27/12/2024,Friday,12,22,27,33,45,4,8
31/12/2024,Tuesday,19,24,26,28,33,8,12
03/01/2025,Friday,3,19,29,35,37,1,9
07/01/2025,Tuesday,20,33,35,41,47,4,12
10/01/2025,Friday,12,27,36,37,42,6,7
14/01/2025,Tuesday,18,20,29,41,48,5,9
17/01/2025,Friday,8,15,24,35,42,6,8
21/01/2025,Tuesday,6,8,14,27,41,4,5
24/01/2025,Friday,2,11,19,30,49,3,8
28/01/2025,Tuesday,9,37,41,42,49,1,9
31/01/2025,Friday,22,30,41,44,49,2,7
04/02/2025,Tuesday,3,4,29,39,43,5,10
07/02/2025,Friday,10,23,24,29,45,8,10
11/02/2025,Tuesday,3,21,36,41,46,1,6
14/02/2025,Friday,4,14,31,36,38,3,10
18/02/2025,Tuesday,5,14,25,26,40,5,7
21/02/2025,Friday,1,3,11,20,43,2,11
25/02/2025,Tuesday,17,22,23,24,44,6,11
28/02/2025,Friday,7,16,31,43,46,5,9
04/03/2025,Tuesday,15,20,29,35,42,2,9
07/03/2025,Friday,6,10,27,32,48,3,8
11/03/2025,Tuesday,13,36,37,42,47,7,11
14/03/2025,Friday,8,10,33,35,49,2,9
18/03/2025,Tuesday,4,9,35,46,50,8,11
21/03/2025,Friday,9,17,18,21,50,5,12
25/03/2025,Tuesday,1,3,18,33,36,2,6
28/03/2025,Friday,10,21,30,42,45,1,9
01/04/2025,Tuesday,9,24,30,46,49,4,12
04/04/2025,Friday,27,39,41,45,50,5,7
08/04/2025,Tuesday,3,14,15,48,49,1,7
11/04/2025,Friday,14,28,34,46,49,3,8
15/04/2025,Tuesday,3,31,33,38,44,6,12
18/04/2025,Friday,20,27,35,39,48,3,8
22/04/2025,Tuesday,7,28,33,37,47,9,12
25/04/2025,Friday,13,22,32,39,41,1,12
29/04/2025,Tuesday,2,9,24,30,41,1,11
02/05/2025,Friday,3,5,19,21,49,1,10
06/05/2025,Tuesday,8,23,24,47,48,4,9
09/05/2025,Friday,15,18,25,29,47,5,9
13/05/2025,Tuesday,9,19,44,47,50,2,9
16/05/2025,Friday,6,9,25,37,46,6,12
20/05/2025,Tuesday,1,8,13,29,47,5,6
23/05/2025,Friday,10,29,43,46,49,7,12
27/05/2025,Tuesday,12,30,38,40,41,4,12
30/05/2025,Friday,4,7,14,33,36,1,5
03/06/2025,Tuesday,12,15,38,47,48,5,7
06/06/2025,Friday,20,21,29,30,35,2,12
10/06/2025,Tuesday,19,36,39,40,45,5,6
13/06/2025,Friday,2,28,40,43,45,3,7
17/06/2025,Tuesday,13,22,23,44,49,3,5
20/06/2025,Friday,5,8,24,37,47,3,9
24/06/2025,Tuesday,7,16,21,23,39,7,11
27/06/2025,Friday,19,27,36,45,49,7,10
01/07/2025,Tuesday,1,17,28,32,34,7,8
04/07/2025,Friday,19,29,42,45,48,5,7
08/07/2025,Tuesday,1,8,9,18,50,1,5
11/07/2025,Friday,8,23,24,45,49,2,10
15/07/2025,Tuesday,24,38,41,45,49,1,6
18/07/2025,Friday,13,19,25,42,45,2,9
22/07/2025,Tuesday,8,15,26,33,41,9,10
25/07/2025,Friday,6,7,23,32,36,11,12
29/07/2025,Tuesday,5,6,42,44,46,4,8
01/08/2025,Friday,4,16,25,29,30,2,10
05/08/2025,Tuesday,1,3,5,42,47,5,10
08/08/2025,Friday,2,12,19,34,44,6,10
12/08/2025,Tuesday,18,28,42,46,48,3,9
15/08/2025,Friday,13,30,35,36,40,2,6
19/08/2025,Tuesday,24,31,34,41,43,6,8
22/08/2025,Friday,6,9,12,30,39,4,10
26/08/2025,Tuesday,2,14,38,42,45,10,11
29/08/2025,Friday,6,9,10,13,37,1,7
02/09/2025,Tuesday,13,30,31,32,36,1,12
05/09/2025,Friday,27,30,31,41,43,5,8
09/09/2025,Tuesday,3,13,24,39,40,2,8
12/09/2025,Friday,5,10,23,31,37,3,11
16/09/2025,Tuesday,1,9,13,35,40,5,6
19/09/2025,Friday,8,10,26,32,42,9,12
23/09/2025,Tuesday,11,13,24,29,33,2,5
26/09/2025,Friday,4,17,25,28,44,5,11
30/09/2025,Tuesday,3,8,15,17,48,2,8
03/10/2025,Friday,6,12,18,25,41,2,6
07/10/2025,Tuesday,24,39,42,43,48,5,8
10/10/2025,Friday,6,7,17,20,21,1,10
14/10/2025,Tuesday,5,8,14,16,18,3,10
17/10/2025,Friday,13,35,39,44,47,3,5
21/10/2025,Tuesday,5,24,29,40,42,6,12
24/10/2025,Friday,7,8,25,31,45,7,12
28/10/2025,Tuesday,7,8,24,35,49,2,12
31/10/2025,Friday,5,14,38,43,45,7,11
04/11/2025,Tuesday,6,9,25,28,45,1,4
07/11/2025,Friday,11,21,39,40,43,2,8
11/11/2025,Tuesday,4,22,32,36,47,2,10
14/11/2025,Friday,9,26,27,45,48,8,9
18/11/2025,Tuesday,2,4,15,21,48,6,12
21/11/2025,Friday,17,19,29,35,48,5,9
25/11/2025,Tuesday,6,11,17,35,44,3,7
28/11/2025,Friday,5,29,33,39,42,3,9
02/12/2025,Tuesday,4,13,14,20,41,6,12
05/12/2025,Friday,9,15,25,34,46,8,12
09/12/2025,Tuesday,2,8,13,29,49,2,11
12/12/2025,Friday,7,25,30,37,41,5,11
16/12/2025,Tuesday,14,16,40,41,44,2,10
19/12/2025,Friday,17,21,39,43,44,1,11
23/12/2025,Tuesday,8,26,27,29,44,11,12
26/12/2025,Friday,12,22,32,36,48,3,4
30/12/2025,Tuesday,11,26,29,34,44,1,10
02/01/2026,Friday,8,27,42,44,46,1,10
06/01/2026,Tuesday,5,14,17,18,31,10,12
09/01/2026,Friday,1,7,10,26,34,2,4
13/01/2026,Tuesday,6,10,18,44,47,2,10
16/01/2026,Friday,5,17,24,29,50,5,10
20/01/2026,Tuesday,11,18,19,22,50,1,11
23/01/2026,Friday,4,5,13,21,42,3,10
27/01/2026,Tuesday,4,23,42,43,47,3,9
30/01/2026,Friday,14,18,31,35,46,7,11
03/02/2026,Tuesday,26,27,28,34,37,4,9
06/02/2026,Friday,10,13,20,23,24,6,11
10/02/2026,Tuesday,1,17,19,34,42,5,8
13/02/2026,Friday,9,13,31,37,40,6,9
17/02/2026,Tuesday,1,4,6,10,41,5,12
20/02/2026,Friday,13,24,28,33,35,5,9
24/02/2026,Tuesday,10,27,40,43,47,6,10
27/02/2026,Friday,14,24,27,39,42,6,10
03/03/2026,Tuesday,6,7,24,34,50,5,7
06/03/2026,Friday,15,16,19,28,37,6,9
10/03/2026,Tuesday,12,14,27,44,50,4,12
13/03/2026,Friday,13,17,26,41,48,4,10
17/03/2026,Tuesday,5,17,28,33,41,3,9
20/03/2026,Friday,5,12,16,37,46,8,10
24/03/2026,Tuesday,12,16,17,18,27,1,3
27/03/2026,Friday,4,10,43,44,48,2,4
31/03/2026,Tuesday,5,8,10,33,38,2,7
03/04/2026,Friday,8,27,29,46,49,2,10
07/04/2026,Tuesday,11,14,19,36,49,6,7
10/04/2026,Friday,10,13,14,38,41,6,9
14/04/2026,Tuesday,1,2,4,28,44,5,12
17/04/2026,Friday,22,23,28,41,47,6,8
21/04/2026,Tuesday,13,16,29,40,47,3,4
24/04/2026,Friday,25,26,30,40,45,1,5
28/04/2026,Tuesday,26,29,41,46,47,8,9
01/05/2026,Friday,3,9,42,46,47,1,11
05/05/2026,Tuesday,3,4,8,20,31,6,8
08/05/2026,Friday,2,17,19,34,37,8,11
12/05/2026,Tuesday,4,26,32,35,36,5,7
15/05/2026,Friday,3,10,38,41,43,2,9
19/05/2026,Tuesday,2,12,20,38,45,2,5
22/05/2026,Friday,6,22,26,31,37,5,8
26/05/2026,Tuesday,6,23,25,35,37,6,12
29/05/2026,Friday,5,14,18,31,35,2,12
02/06/2026,Tuesday,6,9,17,18,42,7,9
05/06/2026,Friday,5,6,16,17,49,2,12
09/06/2026,Tuesday,2,7,23,44,46,3,5
12/06/2026,Friday,4,7,14,22,23,1,7
16/06/2026,Tuesday,18,25,31,37,45,4,9
19/06/2026,Friday,8,34,39,41,42,2,7
23/06/2026,Tuesday,3,33,36,45,46,5,6
26/06/2026,Friday,6,16,26,34,35,11,12
30/06/2026,Tuesday,1,8,37,44,48,2,6
03/07/2026,Friday,2,12,17,25,39,1,2
07/07/2026,Tuesday,5,29,33,45,47,5,8
10/07/2026,Friday,2,14,28,33,48,8,10
14/07/2026,Tuesday,10,19,37,42,47,9,12
17/07/2026,Friday,12,21,23,34,40,9,10
21/07/2026,Tuesday,2,3,8,28,39,2,11
24/07/2026,Friday,8,10,30,36,47,1,4
28/07/2026,Tuesday,5,7,24,30,49,10,11
31/07/2026,Friday,10,24,25,31,45,4,5
04/08/2026,Tuesday,25,30,34,46,50,1,12
07/08/2026,Friday,26,29,35,38,47,1,2
11/08/2026,Tuesday,3,11,17,46,48,1,2
14/08/2026,Friday,5,29,39,48,49,4,8
18/08/2026,Tuesday,3,9,38,40,50,6,10
21/08/2026,Friday,10,14,15,19,45,4,12
25/08/2026,Tuesday,8,16,30,47,48,4,9
28/08/2026,Friday,7,14,28,42,45,6,9
01/09/2026,Tuesday,2,10,23,37,47,3,5
04/09/2026,Friday,11,12,19,27,46,4,12
08/09/2026,Tuesday,13,17,33,35,39,7,12
11/09/2026,Friday,1,7,15,39,50,1,11
